3606,steam:110000104bda9cf,sans nom,0,0,0,8,0,1,0,0,0,0,0,1,1,0,0,6,0,2,0,7,2,1,0,1
3607,steam:11000010d5dce31,T-1,0,15,0,4,0,25,0,0,0,0,0,83,0,0,0,8,0,5,0,5,0,1,0,1
3617,steam:1100001129d31d7,civil 1,0,135,11,24,0,3,8,0,8,0,0,1,1,0,0,6,0,4,0,62,0,1,0,1
3618,steam:11000013685c3cb,lol,0,0,0,8,0,1,0,0,0,0,0,1,1,0,0,6,0,2,0,7,2,1,0,1
3619,steam:11000010d5dce31,T-2,0,5,2,4,0,25,0,0,0,4,0,83,0,0,0,8,0,5,0,173,0,1,0,1
3620,steam:11000010ab7146b,camouflage,0,0,0,8,0,1,0,0,0,0,0,1,1,0,0,6,0,2,0,7,2,1,0,1
3621,steam:110000102904d97,Normal,0,1,1,7,5,10,0,0,0,0,0,1,1,0,0,6,0,2,0,72,1,33,0,1
3622,steam:110000117dff6b7,DDE,0,0,0,8,0,1,0,0,0,0,0,1,1,0,0,6,0,2,0,7,2,1,0,1
3628,steam:110000139b601a3,civil,0,101,0,78,2,31,4,0,4,4,0,55,25,0,0,10,0,2,0,78,1,29,0,1
3630,steam:11000011d82f991,bonjour,0,0,0,8,0,1,0,0,0,0,0,1,1,0,0,6,0,2,0,7,2,1,0,1
3631,steam:11000010b0ddce0,caide,0,0,0,8,0,1,0,0,0,0,0,1,1,0,0,6,0,2,0,7,2,1,0,1
3632,steam:11000010652eb72,chic patriote,0,15,0,7,2,7,0,0,0,13,0,83,6,0,0,5,5,4,0,3,0,1,0,1
3633,steam:11000010652eb72,moto chic,0,11,0,7,2,7,0,0,0,13,0,84,7,0,0,5,5,4,0,70,4,1,0,1
3634,steam:11000011d82f991,sans nom,0,15,0,9,7,12,6,0,6,0,0,1,1,0,0,8,0,5,0,50,0,2,0,1
3635,steam:11000011d82f991,bonjour2,0,15,0,9,7,12,6,0,6,0,0,1,1,0,0,8,0,5,0,50,0,2,0,1
3637,steam:11000010652eb72,police,0,16,0,9,7,25,0,0,0,128,0,30,0,0,0,5,5,19,0,51,2,1,0,1
3638,steam:11000010652eb72,sans nom,0,16,0,9,7,25,0,0,0,128,0,30,0,0,0,5,5,19,0,51,2,1,0,1
3639,steam:11000010c4bcdc8,Toujours,0,115,3,26,6,9,0,0,0,0,0,110,4,0,0,8,7,6,0,269,15,2,0,1
3642,steam:11000011ac518cb,Tenue 1,0,0,0,8,0,1,0,0,0,0,0,1,1,0,0,6,0,2,0,7,2,1,0,1
3643,steam:11000011ac518cb,sans nom,0,0,0,8,0,1,0,0,0,0,0,1,1,0,0,6,0,2,0,7,2,1,0,1
3645,steam:1100001161c9eb2,Noir meca,0,15,0,4,2,12,7,0,7,0,0,76,9,0,0,8,3,11,0,13,2,2,0,1
3646,steam:11000013644b354,sans nom,0,0,0,8,0,1,0,0,0,0,0,1,1,0,0,6,0,2,0,7,2,1,0,1
3647,steam:110000102b6df4f,fluo,0,0,0,8,0,1,0,0,0,0,0,1,1,0,0,6,0,2,0,7,2,1,0,1
3648,steam:110000102b6df4f,sans nom,0,0,0,8,0,1,0,0,0,0,0,1,1,0,0,6,0,2,0,7,2,1,0,1
3650,steam:1100001176e3fa7,Gangster,0,4,0,13,0,10,0,0,0,38,0,7,0,0,0,6,0,2,0,142,0,3,0,1
3651,steam:110000109890bfd,1,0,15,0,10,5,15,0,0,0,38,8,1,1,0,0,5,0,11,0,13,7,33,0,1
3652,steam:1100001035d6339,onche,0,0,0,8,0,1,0,0,0,0,0,1,1,0,0,6,0,2,0,7,2,1,0,1
3653,steam:110000101bc5bcc,Twitch,0,1,6,8,4,1,0,0,0,0,0,5,0,0,0,7,0,6,0,7,9,18,0,1
3654,steam:11000010b613f7a,Gang,0,15,0,42,3,7,0,0,0,4,0,65,0,0,0,5,0,15,0,15,0,33,0,1
3655,steam:11000010b613f7a,Costard,0,3,0,10,0,10,0,0,0,4,0,65,0,0,0,5,0,1,0,10,0,33,0,1
3656,steam:110000111437656,sans nom,0,15,0,4,1,2,0,0,0,4,0,1,1,0,0,6,0,19,0,131,0,1,0,1
3657,steam:110000111437656,sans nom,0,15,0,4,1,2,0,0,0,4,0,1,1,0,0,6,0,19,0,131,0,1,0,1
3658,steam:110000109ab4d80,ddd,0,15,0,55,0,8,0,0,0,46,0,77,7,0,0,8,10,28,0,88,3,8,0,1
3659,steam:11000011219f1f6,Civil2,0,6,0,31,1,79,15,0,15,0,0,1,1,0,0,6,0,29,0,247,0,1,0,1
3662,steam:110000118acbbd9,sans nom,0,0,0,8,0,1,0,0,0,0,0,1,1,0,0,6,0,2,0,7,2,1,0,1
3663,steam:110000118acbbd9,sans nom,0,0,0,8,0,1,0,0,0,0,0,1,1,0,0,6,0,2,0,7,2,1,0,1
3664,steam:110000118acbbd9,Cesar,0,0,0,8,0,1,0,0,0,0,0,1,1,0,0,6,0,2,0,7,2,1,0,1
3665,steam:110000118acbbd9,sans nom,0,0,0,8,0,1,0,0,0,0,0,1,1,0,0,6,0,2,0,7,2,1,0,1
3666,steam:110000118acbbd9,sans nom,0,0,0,8,0,1,0,0,0,0,0,1,1,0,0,6,0,2,0,7,2,1,0,1
3667,steam:1100001042467e2,sans nom,0,0,0,8,0,1,0,0,0,0,0,1,1,0,0,6,0,2,0,7,2,1,0,1
3668,steam:11000010430a6a9,sans nom,0,0,0,8,0,1,0,0,0,0,0,1,1,0,0,6,0,2,0,7,2,1,0,1
3669,steam:1100001042467e2,sans nom,0,0,0,8,0,1,0,0,0,0,0,1,1,0,0,6,0,2,0,7,2,1,0,1
3671,steam:1100001003a9102,baseball,0,15,0,62,0,7,0,0,0,87,1,53,0,0,0,9,0,30,0,83,1,26,3,1
3672,steam:11000010290cbc2,mc,0,0,0,8,0,1,0,0,0,0,0,1,1,0,0,6,0,2,0,7,2,1,0,1
3673,steam:11000010290cbc2,sans nom,0,0,0,8,0,1,0,0,0,0,0,1,1,0,0,6,0,2,0,7,2,1,0,1
3675,steam:110000102b6df4f,flic,0,0,0,8,0,1,0,0,0,0,0,28,0,0,0,23,0,2,0,7,2,1,0,1
3676,steam:1100001089fbd42,class,0,0,0,8,0,1,0,0,0,0,0,1,1,0,0,6,0,2,0,7,2,1,0,1
3679,steam:11000010290cbc2,sans nom,0,0,0,8,0,1,0,0,0,0,0,1,1,0,0,6,0,2,0,7,2,1,0,1
3681,steam:11000011d264832,sans nom,0,0,0,8,0,1,0,0,0,0,0,1,1,0,0,6,0,2,0,7,2,1,0,1
3683,steam:11000010dbec0f1,Tenue taxi,0,10,5,10,0,10,0,0,0,38,8,25,0,0,0,5,10,22,0,72,1,33,0,1
3686,steam:110000110a93662,sans nom,0,15,0,4,2,1,15,0,15,46,0,5,0,0,0,5,1,39,0,88,7,2,0,1
3687,steam:1100001031f3ea2,pro,0,10,0,10,0,10,0,0,0,38,0,11,0,0,0,6,0,22,0,4,0,1,0,1
3692,steam:11000010b395735,INVESTIGATION NOIR,0,15,0,28,0,51,0,0,0,4,0,50,0,0,0,24,1,31,0,61,3,2,0,1
3695,steam:11000010e84de23,Skull,0,15,0,78,2,31,4,0,4,50,1,83,0,0,0,17,5,4,0,111,3,1,0,1
3697,steam:11000010e84de23,Commando,0,125,0,37,0,25,0,0,0,2,0,88,0,0,0,17,0,17,0,53,0,2,0,1
3702,steam:110000104aefee5,sans nom,0,0,0,8,0,1,0,0,0,0,0,1,1,0,0,6,0,2,0,7,2,1,0,1
3703,steam:110000104aefee5,police,0,0,0,8,0,1,0,0,0,0,0,1,1,0,0,6,0,2,0,7,2,1,0,1
3704,steam:11000011219f1f6,civil13,0,8,1,51,0,79,15,0,15,0,0,1,1,0,0,6,0,31,0,88,0,1,0,1
3705,steam:11000011219f1f6,civil5,0,8,1,74,5,79,8,0,8,0,0,55,4,0,0,6,0,31,0,259,6,1,0,1
3706,steam:110000106937f9c,sans nom,0,0,0,8,0,1,0,0,0,0,0,1,1,0,0,6,0,2,0,7,2,1,0,1
3708,steam:11000010e84de23,Akuma,0,22,0,33,0,25,0,0,0,15,0,83,0,0,0,17,5,31,0,205,0,1,0,1
3709,steam:110000114061f62,Pouah,0,15,0,42,0,7,0,0,0,51,0,45,1,0,0,6,0,1,0,14,5,2,0,1
3710,steam:1100001068c0f39,Jean rouge torse nu,0,15,0,26,5,12,9,0,9,16,1,77,5,0,0,20,4,29,0,15,0,3,0,1
3712,steam:1100001196d5539,gris costard beret,0,3,0,28,0,20,5,0,5,4,0,7,1,0,0,6,0,1,0,72,1,1,0,1
3715,steam:1100001327ad1b2,Police,0,0,0,8,0,1,0,0,0,0,0,1,1,0,0,6,0,2,0,7,2,1,0,1
3716,steam:1100001196d5539,marron gant bonnet,0,5,2,26,0,1,4,0,4,4,0,5,0,0,0,6,7,17,0,87,9,1,0,1
3718,steam:11000010f7ad2f7,ghetto,0,0,0,8,0,1,0,0,0,0,0,1,1,0,0,6,0,2,0,7,2,1,0,1
3720,steam:110000109081570,Noir ,0,15,0,4,0,43,3,0,3,4,0,1,1,0,0,11,0,48,0,8,1,33,0,1
3721,steam:11000011d779b57,ntm,0,0,0,8,0,1,0,0,0,0,0,1,1,0,0,6,0,2,0,7,2,1,0,1
3723,steam:110000103128f79,clown,0,32,0,85,0,18,0,0,0,0,0,5,0,0,0,6,0,2,0,40,0,3,0,1
3726,steam:1100001129d31d7,infiltration 1,0,6,0,24,0,20,3,0,3,4,0,44,6,0,0,7,9,11,0,21,0,7,0,1
3728,steam:11000011219f1f6,blanc,0,6,0,106,3,79,15,0,15,0,0,1,1,0,0,6,0,24,0,170,3,1,0,1
3733,steam:110000133ff8e6d,zs,0,0,0,8,0,1,0,0,0,0,0,1,1,0,0,6,0,2,0,7,2,1,0,1
3734,steam:110000133ff8e6d,sans nom,0,0,0,8,0,1,0,0,0,0,0,1,1,0,0,6,0,2,0,7,2,1,0,1
3735,steam:11000010c4bcdc8,Sortis,0,72,3,59,2,12,3,0,3,1,0,83,0,0,0,8,7,17,0,121,0,2,0,1
3737,steam:11000013598c992,bl,0,15,0,26,0,2,0,0,0,0,0,1,1,0,0,6,0,18,3,126,10,1,0,1
3738,steam:1100001068c0f39,Beaugosse,0,22,2,24,0,10,0,0,0,44,0,77,18,0,0,20,5,31,0,11,1,3,0,1
3739,steam:1100001068c0f39,Jean blanc rouge,0,15,0,78,4,57,8,0,8,16,1,77,5,0,0,20,4,34,0,5,7,3,0,1
3740,steam:11000010ad36f91,sans nom,0,160,0,102,2,26,0,0,0,2,0,1,1,0,0,6,0,46,0,27,3,1,0,1
3745,steam:110000133be1228,11,0,0,0,8,0,1,0,0,0,0,0,1,1,0,0,6,0,2,0,7,2,1,0,1
3747,steam:11000010652eb72,TENUE NOIR,0,15,0,1,2,25,0,0,0,6,0,50,0,0,0,5,5,1,0,50,0,1,0,1
3748,steam:1100001157f0dd2,sans nom,0,0,0,8,0,1,0,0,0,0,0,1,1,0,0,6,0,2,0,7,2,1,0,1
3750,steam:11000010dbec0f1,Gang J.,0,15,2,12,0,22,3,0,3,16,2,77,4,0,0,5,10,15,0,15,0,33,0,1
3751,steam:110000106e719a4,kl,0,15,0,42,2,31,0,0,0,54,0,104,18,0,0,6,0,41,0,128,0,33,0,1
3752,steam:1100001161c9eb2,Chemise rose beret,0,6,5,4,2,77,20,0,20,24,1,106,21,0,0,8,3,26,0,25,7,2,0,1
3755,steam:11000010b613f7a,Jaune,0,15,0,42,5,8,6,0,6,4,0,65,0,0,0,5,0,15,0,15,0,33,0,1
3756,steam:110000101c40f90,Police Noir,0,37,0,59,0,25,0,0,0,1,0,1,1,0,0,6,0,30,0,93,0,1,0,1
3757,steam:11000011918a86a,sans nom,0,0,0,8,0,1,0,0,0,0,0,1,1,0,0,6,0,2,0,7,2,1,0,1
3762,steam:1100001350175d9,sans nom,0,15,0,31,0,25,0,0,0,112,2,120,0,0,0,5,0,17,0,50,0,3,0,1
3763,steam:1100001350175d9,braquage,0,15,0,31,0,25,0,0,0,112,2,120,0,0,0,5,0,17,0,50,0,3,0,1
3765,steam:11000010d5dce31,Oussama Ben-Abdel,0,100,0,26,6,2,0,0,0,4,0,6,1,0,0,7,0,35,0,113,1,1,0,1
3767,steam:110000111b96f74,civil1,0,0,0,8,0,1,0,0,0,0,0,1,1,0,0,6,0,2,0,7,2,1,0,1
3769,steam:110000116fa4573,Tenue Hors service,0,13,0,4,0,4,0,0,0,6,0,1,1,0,0,6,0,11,0,13,0,1,0,1
3770,steam:11000010ad36f91,sans nom,0,160,0,102,2,26,0,0,0,2,0,1,1,0,0,6,0,46,0,27,3,1,0,1
3773,steam:11000011c57a765,TRAVAIL,0,4,0,22,0,2,0,0,0,0,0,1,1,0,0,6,0,1,0,4,0,1,0,1
3774,steam:1100001101366d8,Vagos,0,15,0,79,2,8,6,0,6,50,1,55,23,0,0,5,0,15,0,15,0,33,0,1
3775,steam:1100001035d6339,uber city,0,4,0,10,0,3,0,0,0,0,0,1,1,0,0,6,0,6,0,142,0,1,0,1
3776,steam:11000011c57a765,Normal,0,76,1,4,0,4,1,0,1,0,0,1,1,0,0,6,0,1,0,7,2,1,0,1
3777,steam:110000134b9c240,sans nom,0,0,0,8,0,1,0,0,0,0,0,1,1,0,0,6,0,2,0,7,2,1,0,1
3778,steam:11000010ad36f91,sans nom,0,160,0,102,2,26,0,0,0,2,0,1,1,0,0,6,0,46,0,27,3,1,0,1
3779,steam:11000010dbec0f1,Gang J. Casque,0,15,2,12,0,22,3,0,3,16,2,89,0,0,0,2,0,15,0,15,0,33,0,1
3781,steam:1100001003a9102,Barrio,0,15,0,42,5,1,0,0,0,90,0,89,0,0,0,9,0,29,0,157,1,26,2,1
3782,steam:11000010ce5670a,Jaune,0,15,0,3,0,26,7,0,7,4,0,14,7,0,0,6,0,1,0,14,1,33,0,1
3783,steam:1100001177285af,MERDE,0,100,0,87,22,6,0,0,0,49,0,1,8,0,0,5,0,40,0,128,2,1,0,1
3786,steam:11000010a0cb07c,Style 1,0,0,0,8,0,1,0,0,0,0,0,1,1,0,0,6,0,2,0,7,2,1,0,1
3787,steam:11000010b613f7a,Sale,0,15,0,10,0,51,0,0,0,4,0,115,0,0,0,5,0,96,0,49,2,33,0,1
3788,steam:1100001101366d8,sale,0,15,0,59,0,25,0,0,0,112,2,115,0,0,0,5,0,33,0,89,0,33,0,1
3789,steam:1100001003a9102,blackdark,0,125,0,59,0,24,0,0,0,1,0,115,0,0,0,9,0,17,0,111,3,26,2,1
3790,steam:1100001154f45b7,Moi,0,14,0,27,0,22,1,0,1,2,1,1,1,0,0,11,0,4,0,171,1,1,0,1
3792,steam:1100001068c0f39,Tenu opé,0,15,0,28,0,61,0,0,0,17,0,51,0,0,0,20,4,36,0,50,0,3,0,1
3793,steam:110000114328b8e,tkl,0,15,0,1,15,12,6,0,6,0,0,1,1,0,0,3,1,2,0,135,0,33,0,1
3795,steam:11000011219f1f6,civil12,0,6,0,11,15,79,15,0,15,0,0,1,1,0,0,6,0,28,0,231,22,1,0,1
3796,steam:110000117015d2b,1,0,56,1,9,13,31,1,0,1,112,2,76,9,0,0,5,0,22,0,50,0,17,0,1
3797,steam:1100001196d5539,black,0,44,3,33,0,24,0,0,0,4,0,6,1,0,0,6,0,17,0,61,3,1,0,1
3799,steam:11000010dbec0f1,Gang J. Bras,0,15,2,12,0,22,3,0,3,49,0,82,8,0,0,2,0,5,0,5,4,33,0,1
3800,steam:110000114328b8e,cool,0,15,0,1,15,12,6,0,6,17,1,115,0,0,0,5,3,1,0,41,2,33,0,1
3801,steam:110000101ad172b,Biker1,0,141,0,8,0,50,0,0,0,0,0,89,0,0,0,15,0,21,0,157,0,1,0,1
3802,steam:110000102d61caf,Moto,0,15,0,77,0,55,0,0,0,0,0,91,0,0,0,6,0,31,0,178,0,1,0,1
3804,steam:1100001161c9eb2,Blanc Beiret,0,22,4,4,2,77,20,0,20,24,1,106,22,0,0,8,3,20,0,25,7,2,0,1
3805,steam:11000010ce5670a,Juge,0,4,0,24,0,10,0,0,0,4,0,7,1,0,0,19,0,12,0,115,0,33,0,1
3806,steam:1100001035d6339,juif OKLM,0,16,3,10,2,10,0,0,0,2,10,1,1,0,0,6,0,11,0,234,21,1,0,1
3807,steam:1100001323691b6,1,0,15,0,59,6,24,0,0,0,8,0,58,0,0,0,5,0,6,0,50,0,1,0,1
3809,steam:1100001144f4604,Civil Costard,0,3,0,10,0,2,0,0,0,4,0,11,0,0,0,5,0,33,0,10,0,1,0,1
3810,steam:11000010733f0ba,sans nom,0,0,0,8,0,1,0,0,0,0,0,1,1,0,0,6,0,2,0,7,2,1,0,1
3812,steam:110000115ddd132,trk,0,76,0,9,3,1,2,0,2,4,0,1,1,0,0,4,2,6,0,62,0,3,0,1
3813,steam:110000115ddd132,soiré,0,4,0,24,0,10,0,0,0,4,0,1,1,0,0,4,2,1,0,77,0,3,0,1
3814,steam:110000115ddd132,BG,0,45,0,10,0,1,2,0,2,10,0,11,0,0,0,2,0,12,0,62,0,11,0,1
3815,steam:1100001154f45b7,Moi 2,0,14,0,106,3,6,0,0,0,2,1,1,1,0,0,11,0,4,0,169,2,1,0,1
3818,steam:11000010b395735,Affaire,0,21,0,28,0,10,0,0,0,0,0,50,0,0,0,5,2,4,0,10,0,2,0,1
3820,steam:11000010e281d6b,Chemise blanche,0,15,0,24,5,31,2,0,2,0,0,50,0,0,0,10,4,26,0,222,22,33,0,1
3821,steam:11000010e281d6b,Pull noir,0,15,0,24,0,31,1,0,1,0,0,50,0,0,0,10,4,22,0,190,25,33,0,1
3822,steam:11000010e281d6b,Sale Millitaire,0,15,0,87,17,25,0,0,0,0,0,115,22,0,0,24,2,17,0,211,17,33,0,1
3823,steam:11000010e281d6b,Chemise Carreaux Blanc,0,15,0,4,2,31,2,0,2,0,0,50,0,0,0,10,4,22,0,126,14,33,0,1
3826,steam:11000010e281d6b,Chemise Carreaux Rouge,0,15,0,24,0,32,12,0,12,0,0,50,0,0,0,10,4,20,0,126,10,33,0,1
3827,steam:11000010e281d6b,T-Shirt Gris,0,15,0,24,1,31,1,0,1,0,0,50,0,0,0,10,4,19,0,146,1,33,0,1
3828,steam:11000010e281d6b,T-Shirt Noir,0,15,0,24,0,31,4,0,4,0,0,50,0,0,0,10,4,19,0,22,1,33,0,1
3829,steam:11000010e281d6b,Mayo de bain,0,15,0,18,11,31,4,0,4,0,0,50,0,0,0,10,4,15,0,15,0,33,0,1
3830,steam:1100001007704ac,sans nom,0,0,0,8,0,1,0,0,0,0,0,1,1,0,0,6,0,2,0,7,2,1,0,1
3832,steam:1100001075f1b9a,Costard Blanc,0,25,0,10,7,12,6,0,6,4,0,120,0,0,0,2,0,6,0,23,3,3,0,1
3833,steam:11000010652eb72,costard,0,4,0,24,0,10,0,0,0,13,0,83,6,0,0,5,5,4,0,4,0,1,0,1
3834,steam:1100001075f1b9a,"Pull marron, jean",0,76,0,1,15,12,6,0,6,4,0,120,0,0,0,2,0,6,0,69,5,3,0,1
3835,steam:1100001075f1b9a,Veste capuche short,0,2,2,12,3,57,10,0,10,4,0,120,0,0,0,2,0,6,0,68,4,3,0,1
3836,steam:11000010652eb72,tenue de sale,0,10,0,9,7,27,0,0,0,13,0,52,0,0,0,5,5,17,0,86,0,1,0,1
3837,steam:11000010652eb72,tenue cuir,0,74,3,75,7,27,0,0,0,7,0,52,0,0,0,5,5,17,0,6,2,1,0,1
3838,steam:1100001075f1b9a,Plagiste 1,0,15,0,5,0,57,10,0,10,4,0,12,0,0,0,3,0,19,0,33,0,3,0,1
3839,steam:11000011ad39672,sans nom,0,0,0,8,0,1,0,0,0,0,0,1,1,0,0,6,0,2,0,7,2,1,0,1
3840,steam:11000011ad39672,sans nom,0,0,0,8,0,1,0,0,0,0,0,1,1,0,0,6,0,2,0,7,2,1,0,1
3841,steam:11000011ad39672,sans nom,0,0,0,8,0,1,0,0,0,0,0,1,1,0,0,6,0,2,0,7,2,1,0,1
3842,steam:11000011ad39672,sans nom,0,0,0,8,0,1,0,0,0,0,0,1,1,0,0,6,0,2,0,7,2,1,0,1
3843,steam:11000011ad39672,sans nom,0,0,0,8,0,1,0,0,0,0,0,1,1,0,0,6,0,2,0,7,2,1,0,1
3844,steam:11000011ad39672,sans nom,0,0,0,8,0,1,0,0,0,0,0,1,1,0,0,6,0,2,0,7,2,1,0,1
3845,steam:11000011ad39672,Cadet*,0,0,0,8,0,1,0,0,0,0,0,1,1,0,0,6,0,2,0,7,2,1,0,1
3846,steam:1100001031f3ea2,doctor,0,26,0,20,0,40,4,0,4,22,2,21,3,0,0,3,10,1,0,23,3,5,0,1
3847,steam:1100001154f45b7,Moi 3,0,14,0,6,1,13,5,0,5,2,1,1,1,0,0,11,0,4,0,13,0,1,0,1
3848,steam:110000101bc5bcc,Avocat,0,73,0,10,8,10,0,0,0,0,0,61,6,0,0,7,0,1,0,11,1,18,0,1
3849,steam:110000113f34ddf,Chemise en Jean Bleue,0,75,0,76,0,1,0,0,0,0,0,1,1,0,0,6,0,2,0,70,0,1,0,1
3850,steam:11000010e84de23,Rouge,0,22,2,28,0,10,0,0,0,15,0,83,0,0,0,17,5,4,0,11,1,1,0,1
3852,steam:11000010e281d6b,Costard Noir,0,21,0,24,0,10,0,0,0,0,0,95,4,0,0,10,4,22,0,10,0,33,0,1
3854,steam:1100001161c9eb2,Costard Noir,0,21,0,24,0,10,0,0,0,58,0,95,4,0,0,8,3,22,0,10,0,2,0,1
3855,steam:110000109d9fe59,Veste Cuir,0,23,1,4,0,12,0,0,0,4,0,131,14,0,0,18,3,12,0,70,3,16,2,1
3858,steam:110000132df2392,DRK,0,20,9,78,1,31,2,0,2,4,0,55,19,0,0,5,10,6,0,203,25,18,0,1
3860,steam:11000010abb3ad2,hrr,0,0,0,8,0,1,0,0,0,0,0,1,1,0,0,6,0,2,0,7,2,1,0,1
3861,steam:110000109d9fe59,Combi Moto,0,15,0,67,3,39,0,0,0,112,2,51,0,0,0,18,3,33,0,148,3,16,2,1
3862,steam:11000011219f1f6,sport2,0,60,1,31,0,79,15,0,15,0,0,55,21,0,0,6,0,26,0,42,3,1,0,1
3864,steam:11000010abb3ad2,sans nom,0,0,0,8,0,1,0,0,0,0,0,1,1,0,0,6,0,2,0,7,2,1,0,1
3867,steam:11000010c4bcdc8,Chemise,0,47,0,4,2,1,14,0,14,0,0,110,4,0,0,8,7,11,0,44,0,2,0,1
3869,steam:11000011125db40,Clochard,0,2,1,1,15,31,0,0,0,93,0,9,0,0,0,7,0,44,0,168,2,2,0,1
3870,steam:1100001161c9eb2,Costard blanc,0,13,5,10,7,40,1,0,1,24,0,106,22,0,0,8,3,20,0,20,0,2,0,1
3871,steam:1100001323691b6,sans nom,0,15,0,4,0,2,0,0,0,4,0,58,0,0,0,5,0,6,0,41,0,1,0,1
3872,steam:110000112911cc3,tenue chemise rouge,0,15,1,4,0,1,0,0,0,0,0,10,1,0,0,5,0,17,0,12,5,1,0,1
3886,steam:1100001075f1b9a,Moto police1,0,72,0,73,0,47,3,0,3,4,0,115,0,0,0,2,0,17,4,17,5,3,0,1
3889,steam:11000010652eb72,cuir noir foulard ,0,74,3,75,7,27,0,0,0,7,0,83,0,0,0,5,5,17,0,6,2,1,0,1
3890,steam:110000103c4a2ef,1,0,15,0,8,0,12,0,0,0,114,0,11,0,0,0,19,0,5,0,15,0,23,0,1
3891,steam:11000010dbec0f1,gang J. Veste,0,15,2,12,0,31,1,0,1,16,2,89,0,0,0,2,0,14,0,88,2,33,0,1
3892,steam:1100001161c9eb2,noir sal,0,15,0,24,0,12,6,0,6,58,0,115,0,0,0,24,2,33,0,139,3,2,0,1
3894,steam:11000010b38f5a3,civil,0,15,1,1,0,1,0,0,0,14,0,6,0,0,0,7,9,1,0,12,7,4,0,1
3899,steam:110000111b6e7d6,Jaune normal,0,15,0,4,0,32,7,0,7,0,0,1,1,0,0,6,0,2,0,135,0,1,0,1
3900,steam:1100001129d31d7,civil 2,0,9,6,4,0,1,7,0,7,0,0,7,3,0,0,20,9,1,0,7,4,1,0,1
3901,steam:11000011219f1f6,civilplage,0,6,0,107,4,5,0,0,0,0,0,1,1,0,0,6,0,15,0,15,0,1,0,1
3906,steam:110000133be1228,sans nom,0,0,0,8,0,1,0,0,0,0,0,1,1,0,0,6,0,2,0,7,2,1,0,1
3908,steam:110000110a93662,Rue,0,15,0,4,0,2,0,0,0,4,0,51,0,0,0,5,1,18,0,139,3,2,0,1
3909,steam:11000010ce5670a,Tattoo,0,15,0,6,1,6,0,0,0,4,0,120,0,0,0,6,0,15,0,15,0,33,0,1
3912,steam:110000108add548,Tqxi,0,0,0,8,0,1,0,0,0,0,0,1,1,0,0,6,0,2,0,7,2,1,0,1
3913,steam:110000113f34ddf,Veste classe,0,75,0,76,0,1,0,0,0,0,0,1,1,0,0,6,0,2,0,38,0,1,0,1
3919,steam:110000111b96f74,civile 2,0,72,3,28,15,28,2,0,2,17,0,3,1,0,0,8,0,11,0,117,0,11,0,1
3920,steam:1100001129d31d7,camouflage,0,18,0,26,0,27,0,0,0,125,0,120,0,0,0,6,0,16,0,139,3,1,0,1
3921,steam:11000013a3dd7c0,Civil,0,0,0,8,0,1,0,0,0,0,0,1,1,0,0,6,0,2,0,7,2,1,0,1
3922,steam:11000010efb5a4f,moto,0,14,0,10,0,12,0,0,0,0,0,48,0,0,0,5,0,17,0,6,0,5,0,1
3923,steam:11000010652eb72,police ,0,18,0,26,0,27,0,0,0,125,0,120,0,0,0,5,5,17,0,139,3,1,0,1
3925,steam:110000136abeb8a,Base,0,10,0,4,0,1,0,0,0,0,0,67,0,0,0,5,0,2,0,86,0,9,0,1
3926,steam:1100001075f1b9a,Op police 1,0,16,0,26,0,24,0,0,0,125,0,120,0,0,0,15,9,17,0,139,3,3,0,1
3927,steam:1100001144f4604,Tenue operation,0,18,0,26,0,27,0,0,0,125,0,120,0,0,0,5,0,16,0,139,3,1,0,1
3928,steam:110000111b96f74,inter,0,18,0,26,0,27,0,0,0,125,0,120,0,0,0,8,0,16,0,139,3,11,0,1
3929,steam:110000111b6e7d6,rouge ,0,15,0,4,0,32,5,0,5,0,0,1,1,0,0,6,0,1,0,200,12,1,0,1
3930,steam:110000111b6e7d6,noir,0,15,1,4,0,59,20,0,20,0,0,1,1,0,0,6,0,1,0,244,7,1,0,1
3932,steam:110000109c62720,Travaille ,0,15,0,28,0,4,1,0,1,4,0,77,9,0,0,5,1,4,0,111,3,31,0,1
3935,steam:110000111b96f74,moto,0,72,3,28,15,28,2,0,2,17,0,17,1,0,0,8,0,11,0,117,0,11,0,1
3937,steam:110000136408adc,Mafia,0,35,4,21,11,40,1,0,1,4,0,12,1,0,0,8,7,6,0,20,0,1,0,1
3939,steam:110000113d8313d,1.,0,2,4,7,5,2,0,0,0,0,0,5,0,0,0,4,4,17,0,6,5,1,0,1
3940,steam:110000113d8313d,2.,0,56,1,31,1,25,0,0,0,112,2,51,0,0,0,4,4,17,0,111,3,1,0,1
3941,steam:1100001040759e7,surveit noir,0,1,4,5,2,2,0,0,0,15,0,115,24,0,0,10,0,1,0,7,2,10,0,1
3943,steam:110000139714d27,sans nom,0,52,0,10,0,10,0,0,0,0,0,1,1,0,0,3,9,4,0,4,0,2,0,1
3944,steam:110000105693f54,a,0,21,0,13,0,1,0,0,0,0,0,5,0,0,0,5,1,4,0,115,0,2,0,1
3948,steam:11000010966c705,Chic,0,4,0,10,0,10,0,0,0,38,0,115,0,0,0,5,0,17,0,20,0,2,0,1
3951,steam:110000115ddd132,costume noir,0,21,0,24,0,10,0,0,0,58,0,95,4,0,0,5,3,22,0,10,0,2,0,1
3952,steam:110000109c62720,Vagos ,0,76,1,59,5,9,1,0,1,4,0,77,9,0,0,5,1,4,0,127,11,31,0,1
3955,steam:11000010524a606,ville,0,77,1,4,0,4,1,0,1,0,0,7,2,0,0,7,0,1,0,6,11,33,0,1
3956,steam:110000108fd9490,chic noir,0,4,0,13,0,10,0,0,0,13,0,27,0,0,0,5,0,31,0,4,0,14,0,1
3957,steam:110000136408adc,sans nom,0,35,4,21,11,40,1,0,1,4,0,12,1,0,0,8,7,6,0,20,0,1,0,1
3959,steam:1100001003a9102,casual Barrio,0,15,0,4,2,31,3,0,3,112,2,77,4,0,0,9,0,17,2,61,3,26,2,1
3961,steam:110000111b96f74,combat,0,15,0,6,10,34,0,0,0,46,0,3,1,0,0,8,0,15,0,15,0,11,0,1
3962,steam:110000100f14acd,sans nom,0,0,0,8,0,1,0,0,0,0,0,1,1,0,0,6,0,2,0,7,2,1,0,1
3963,steam:11000010a6a83e4,sans nom,0,0,0,8,0,1,0,0,0,0,0,1,1,0,0,6,0,2,0,7,2,1,0,1
3964,steam:11000010a6a83e4,Yopsy keuf,0,0,0,8,0,1,0,0,0,0,0,1,1,0,0,6,0,2,0,7,2,1,0,1
3965,steam:110000100f14acd,FDF,0,0,0,8,0,1,0,0,0,0,0,1,1,0,0,6,0,2,0,7,2,1,0,1
3966,steam:1100001146e12b8,YES,0,2,0,4,0,12,0,0,0,112,0,120,0,0,0,18,2,18,0,76,0,1,0,1
3970,steam:1100001045198c5,Police,0,0,0,8,0,1,0,0,0,0,0,1,1,0,0,6,0,2,0,7,2,1,0,1
3971,steam:1100001045198c5,Oik,0,0,0,8,0,1,0,0,0,0,0,1,1,0,0,6,0,2,0,7,2,1,0,1
3972,steam:110000105693f54,1,0,1,0,1,1,9,2,0,2,0,0,56,0,0,0,5,7,1,0,166,1,3,0,1
3973,steam:1100001144f4604,Pseudo militaire civil ,0,15,0,87,16,25,0,0,0,4,0,11,0,0,0,5,0,34,0,208,16,1,0,1
3974,steam:1100001144f4604,Patrouille motard,0,14,0,59,6,25,0,0,0,4,0,17,1,0,0,5,0,25,0,17,0,1,0,1
3975,steam:11000010e320ccf,Fin de service,0,10,0,28,0,3,0,0,0,4,0,11,0,0,0,6,0,12,0,4,0,1,0,1
3976,steam:1100001101366d8,Tranquille,0,15,0,4,0,8,6,0,6,50,1,58,2,0,0,5,0,19,0,9,11,33,0,1
3977,steam:11000010ce5670a,Civil lambda,0,15,0,4,2,28,0,0,0,98,0,66,0,0,0,10,5,11,0,95,1,33,0,1
3978,steam:11000010e84de23,Full black,0,22,0,28,0,10,0,0,0,15,0,83,0,0,0,17,5,31,0,11,1,33,0,1
3979,steam:1100001028a971d,jaune 3,0,15,0,4,0,31,0,0,0,50,0,55,23,0,0,6,0,15,0,15,0,30,0,1
3980,steam:11000010dab6b55,sans nom,0,15,0,55,0,32,0,0,0,49,0,14,0,0,0,12,0,2,0,128,1,1,0,1
3981,steam:11000010e288321,chemis tranquille,0,76,0,4,0,14,0,0,0,17,0,77,1,0,0,7,0,4,0,127,0,2,0,1
3982,steam:11000010dab6b55,Jaseh delastreet,0,15,0,55,0,32,0,0,0,49,0,14,0,0,0,12,0,2,0,128,1,1,0,1
3983,steam:11000010dbec0f1,Full Black,0,15,2,10,0,2,0,0,0,112,2,115,0,0,0,2,0,53,0,50,0,33,0,1
3984,steam:110000104c02f75,sans nom,0,0,0,8,0,1,0,0,0,0,0,1,1,0,0,6,0,2,0,7,2,1,0,1
3985,steam:110000104c02f75,Service LSPD,0,0,0,8,0,1,0,0,0,0,0,1,1,0,0,6,0,2,0,7,2,1,0,1
3986,steam:11000011219f1f6,Yaune,0,6,0,107,0,32,4,0,4,0,0,55,23,0,0,11,0,31,0,56,0,1,0,1
3987,steam:110000104c02f75,Tenue Cadet,0,0,0,8,0,1,0,0,0,0,0,1,1,0,0,6,0,2,0,7,2,1,0,1
3988,steam:11000010b257802,civil cuir,0,90,0,4,0,15,1,0,1,0,0,1,1,0,0,7,9,4,0,62,0,2,0,1
3989,steam:110000115b6e565,01,0,15,0,103,0,36,0,0,0,0,0,1,1,0,0,6,0,11,0,43,0,1,0,1
3990,steam:11000010044fd83,sans nom,0,76,0,4,0,28,0,0,0,0,0,66,0,0,0,20,0,24,0,7,0,1,0,1
3991,steam:110000110a93662,Rue 2 ,0,15,0,4,0,1,15,0,15,4,0,51,0,0,0,5,1,18,0,14,7,2,0,1
3992,steam:1100001028a971d,civil,0,15,0,4,0,1,0,0,0,4,0,55,23,0,0,6,0,1,0,12,0,30,0,1
3993,steam:11000010230cc03,sans nom,0,0,0,8,0,1,0,0,0,0,0,1,1,0,0,6,0,2,0,7,2,1,0,1
3994,steam:11000010458eef2,Chill,0,17,4,4,0,4,2,0,2,112,2,56,4,0,0,7,3,1,0,62,0,1,0,1
3996,steam:1100001060dfa98,Opé,0,15,0,9,7,12,6,0,6,112,2,91,10,0,0,6,0,20,0,54,0,1,0,1
3998,steam:1100001060dfa98,Normal III,0,65,17,9,7,8,14,0,14,112,0,1,1,0,0,6,0,19,0,88,9,1,0,1
3999,steam:11000011219f1f6,yaune4,0,6,0,61,9,79,25,0,25,7,0,1,1,0,0,6,0,21,0,75,0,1,0,1
4000,steam:110000104219a0a,sans nom,0,8,0,26,0,1,0,0,0,0,0,5,0,0,0,5,0,1,0,37,0,1,0,1
4001,steam:110000104219a0a,NTM,0,8,0,26,0,1,0,0,0,0,0,5,0,0,0,5,0,1,0,37,0,1,0,1
4003,steam:110000102f603cc,Motarde Noire ,0,0,0,8,0,1,0,0,0,0,0,1,1,0,0,6,0,2,0,7,2,1,0,1
4004,steam:110000102f603cc,Décontractée,0,31,0,74,0,4,0,0,0,0,0,1,1,0,0,6,0,1,0,1,0,1,0,1
4005,steam:110000110a93662,Sombre,0,131,0,33,0,24,0,0,0,4,0,51,0,0,0,5,1,18,0,50,0,2,0,1
4007,steam:1100001154f45b7,Moi 4,0,14,0,27,0,60,10,0,10,2,1,1,1,0,0,11,1,1,0,268,25,1,0,1
4009,steam:110000108660f93,Mafia,0,75,3,10,0,10,0,0,0,4,0,61,9,0,0,17,7,33,0,72,2,33,0,1
4010,steam:110000108660f93,Classe ,0,69,0,28,14,10,0,0,0,4,0,11,0,0,0,17,5,28,0,99,4,33,0,1
4011,steam:110000108660f93,Chemise,0,15,0,4,0,15,0,0,0,4,0,11,0,0,0,5,0,26,1,44,0,33,0,1
4013,steam:110000115cde636,Classe,0,11,2,28,0,20,7,0,7,0,0,50,0,0,0,6,0,17,0,4,0,1,0,1
4014,steam:110000115cde636,Salle,0,15,0,52,1,60,0,0,0,0,0,50,0,0,0,6,0,17,0,50,0,1,0,1
4015,steam:11000011219f1f6,yaune2,0,6,0,74,1,32,4,0,4,7,0,55,25,0,0,6,0,21,0,75,0,1,0,1
4016,steam:110000102d61caf,illegal,0,131,0,34,0,25,0,0,0,1,0,50,0,0,0,6,0,30,0,50,0,2,0,1
4018,steam:110000102f603cc,Omerta,0,15,0,27,0,9,0,0,0,0,0,49,0,0,0,6,0,25,0,78,0,1,0,1
4019,steam:1100001161c9eb2,noir 2,0,16,0,22,0,25,0,0,0,58,0,50,0,0,0,24,2,33,0,61,3,2,0,1
4020,steam:110000115ddd132,sale,0,15,0,28,0,24,0,0,0,58,0,50,0,0,0,5,3,32,0,50,0,2,0,1
4021,steam:11000011b002185,COSTU;E,0,10,0,4,0,10,0,0,0,14,0,12,0,0,0,5,0,2,0,4,0,1,0,1
4025,steam:11000010e281d6b,Sale col rouler gilet par ball,0,41,0,24,0,24,0,0,0,0,0,50,0,0,0,10,4,17,0,139,3,33,0,1
4026,steam:1100001161c9eb2,noir,0,41,0,22,0,25,0,0,0,58,0,50,0,0,0,24,2,33,0,139,3,2,0,1
4027,steam:110000115ddd132,sale,0,41,0,28,0,24,0,0,0,58,0,50,0,0,0,5,3,32,0,50,0,2,0,1
4030,steam:11000011b002185,motard,0,103,0,26,0,24,0,0,0,14,0,14,1,0,0,5,0,17,0,172,0,1,0,1
4032,steam:110000133be1228,;otard,0,138,0,7,0,51,0,0,0,55,0,14,0,0,0,8,0,15,0,172,0,1,0,1
4037,steam:1100001098a6ea8,Orgasitation,0,131,0,59,0,25,0,0,0,0,0,115,0,0,0,14,0,17,0,243,0,33,0,1
4039,steam:110000102d61caf,Classe,0,3,0,10,0,1,0,0,0,4,0,7,0,0,0,6,0,1,0,4,0,2,0,1
4040,steam:110000102f603cc,Chic Léopard,0,15,0,26,0,6,0,0,0,2,0,14,0,0,0,6,0,1,0,273,0,1,0,1
4042,steam:110000108fd9490,chic blanc,0,26,0,48,0,19,0,0,0,18,0,12,1,0,0,18,0,31,0,20,0,14,0,1
4043,steam:110000102b6df4f,civ1,0,3,2,13,0,10,0,0,0,0,0,61,5,0,0,18,0,20,0,28,0,1,0,1
4044,steam:110000102b6df4f,pqnterq,0,72,3,9,10,12,1,0,1,49,1,14,1,0,0,10,0,37,0,191,5,1,0,1
4045,steam:11000010652eb72,TRANSPORT ,0,72,3,9,7,27,0,0,0,127,0,52,0,0,0,5,5,17,0,68,0,1,0,1
4048,steam:1100001078c0669,0,0,2,1,27,3,73,15,0,15,112,2,63,9,0,0,16,0,1,0,244,6,1,0,1
4050,steam:11000010b257802,MOTO POLICE,0,90,0,4,0,15,1,0,1,0,0,48,0,0,0,7,0,4,0,62,0,2,0,1
4051,steam:11000013a901b76,sans nom,0,5,0,4,1,1,0,0,0,0,0,1,1,0,0,6,0,2,0,70,0,1,0,1
4053,steam:110000108fd9490,motard,0,132,9,97,13,32,3,0,3,13,0,14,1,0,0,5,0,31,0,172,3,14,0,1
4054,steam:110000104253d7d,Ritql,0,4,0,22,0,10,0,0,0,25,5,4,1,0,0,3,1,20,0,142,0,15,0,1
4059,steam:110000104253d7d,vol,0,9,2,5,2,4,1,0,1,4,0,53,0,0,0,3,1,20,0,167,3,15,0,1
4060,steam:1100001128b3639,sans nom,0,1,0,8,0,1,0,0,0,0,0,3,0,0,0,6,0,5,0,86,0,4,0,1
4061,steam:110000102904d97,Inflitration 1,0,75,3,7,1,24,0,0,0,0,0,1,1,0,0,6,0,2,0,166,0,33,0,1
4063,steam:11000010652eb72,tenue tatoo,0,15,0,15,3,2,0,0,0,14,0,76,9,0,0,5,5,23,0,5,2,2,0,1
4064,steam:110000117b9590f,Tenu Chic rouge,0,6,0,24,5,20,0,0,0,0,0,5,0,0,0,5,0,26,0,40,0,11,0,1
4067,steam:110000103f584d6,;,0,45,0,4,0,7,0,0,0,0,0,5,0,0,0,3,0,2,0,70,0,1,0,1
4074,steam:1100001139f3d0e,sans nom,0,11,0,10,0,36,0,0,0,0,0,1,1,0,0,6,0,2,0,6,0,1,0,1
4075,steam:110000117b9590f,Tenu polo noir jean,0,15,13,4,0,31,0,0,0,0,0,66,0,0,0,5,0,30,0,2,2,11,0,1
4084,steam:11000011219f1f6,yaune4,0,6,0,104,6,32,4,0,4,0,0,55,23,0,0,26,0,28,0,269,23,12,0,1
4086,steam:1100001078c0669,1,0,2,1,52,1,72,16,0,16,112,2,58,2,0,0,16,0,1,0,244,2,1,0,1
4087,steam:11000010979dfb9,IAA,0,16,0,26,0,27,0,0,0,125,0,120,0,0,0,6,0,16,0,139,3,1,0,1
4089,steam:11000011b002185,incognito,0,15,0,1,0,24,0,0,0,14,0,2,1,0,0,5,0,1,0,49,2,1,0,1
4090,steam:110000111b6e7d6,chauve noir,0,76,1,4,0,4,1,0,1,0,0,1,1,0,0,5,0,1,0,62,0,1,0,1
4091,steam:110000111b6e7d6,sale,0,15,1,33,0,26,1,0,1,4,2,52,0,0,0,5,0,17,0,220,20,1,0,1
4092,steam:110000109c62720,Sale ,0,15,0,33,0,26,1,0,1,4,0,50,0,0,0,5,1,17,0,220,20,31,0,1
4093,steam:110000133c988e5,Pizza,0,0,0,8,0,1,0,0,0,0,0,1,1,0,0,6,0,2,0,7,2,1,0,1
4094,steam:110000105693f54,2,0,141,0,10,0,42,1,0,1,1,3,15,1,0,0,7,9,2,0,191,21,2,2,1
4095,steam:11000010a958894,Carreaux,0,15,0,8,0,24,0,0,0,0,0,12,0,0,0,5,0,24,0,117,0,2,0,1
4096,steam:1100001166805e6,propre,0,3,0,10,0,10,0,0,0,0,0,50,0,0,0,8,0,1,0,4,0,1,0,1
4098,steam:11000011219f1f6,yaune5,0,6,0,106,1,32,4,0,4,0,0,55,24,0,0,26,0,24,0,247,4,12,0,1
4101,steam:110000117b9590f,Tenu versace,0,35,0,53,0,10,0,0,0,22,3,66,0,0,0,5,0,1,0,104,0,10,0,1
4102,steam:11000010b82dd62,4,0,1,0,52,3,12,0,0,0,0,0,45,6,0,0,6,0,1,0,266,13,1,0,1
4105,steam:1100001075f1b9a,Vagos1,0,15,0,6,0,8,6,0,6,4,0,57,0,0,0,15,9,5,0,237,5,3,0,1
4106,steam:110000108378030,Vente Voiture,0,42,1,7,0,1,0,0,0,0,0,13,0,0,0,5,0,1,0,70,0,1,0,1
4107,steam:110000103128f79,black,0,15,0,59,0,25,0,0,0,0,0,50,0,0,0,6,0,19,0,153,1,3,0,1
4108,steam:110000135218513,sans nom,0,4,0,10,0,7,0,0,0,2,0,17,0,0,0,5,0,2,0,205,0,1,0,1
4109,steam:11000013265e464,sans nom,0,0,0,8,0,1,0,0,0,0,0,1,1,0,0,6,0,2,0,7,2,1,0,1
4113,steam:11000010a958894,Normal,0,15,0,3,4,31,1,0,1,4,0,55,25,0,0,17,1,19,0,16,0,2,0,1
4120,steam:11000013ad5aa4a,moi,0,0,0,8,0,1,0,0,0,0,0,1,1,0,0,6,0,2,0,7,2,1,0,1
4121,steam:110000102904d97,Sergent,0,18,0,26,0,27,0,0,0,125,0,120,0,0,0,6,0,16,0,139,3,33,0,1
4122,steam:1100001129d31d7,SWAT 1,0,131,0,31,0,27,0,0,0,1,0,75,0,0,0,6,0,16,0,53,0,1,0,1
4123,steam:11000010b82dd62,ienb,0,1,0,87,14,81,2,0,2,0,0,45,6,0,0,6,0,1,0,251,20,1,0,1
4126,steam:110000117b9590f,Tenu moto rose,0,15,13,77,4,55,4,0,4,0,0,115,7,0,0,5,0,31,0,178,4,11,0,1
4127,steam:110000102820b7d,sans nom,0,4,0,9,0,12,6,0,6,14,0,84,0,0,0,8,6,1,0,4,0,3,0,1
4128,steam:110000102904d97,Vagos,0,15,0,5,8,8,6,0,6,15,0,120,23,0,0,6,0,1,0,14,1,33,0,1
4129,steam:1100001170bb65e,ope,0,15,0,4,0,4,1,0,1,0,0,53,0,0,0,6,0,17,0,50,0,1,0,1
4130,steam:1100001170bb65e,Street,0,1,0,10,0,1,0,0,0,0,0,53,0,0,0,6,0,1,0,7,2,1,0,1
4134,steam:11000010a958894,SWAT,0,131,0,31,0,27,0,0,0,1,0,75,0,0,0,5,0,16,0,111,0,2,0,1
4138,steam:110000103fd5d2f,SWAT,0,131,0,31,0,27,0,0,0,1,0,75,0,0,0,6,0,16,0,111,0,3,0,1
4139,steam:110000103fd5d2f,Civil,0,3,0,3,2,10,0,0,0,9,0,7,2,0,0,6,0,1,0,115,0,2,0,1
4141,steam:1100001031f3ea2,GHOST,0,21,0,13,0,9,2,0,2,4,0,50,0,0,0,3,10,17,0,62,0,5,0,1
4143,steam:110000103fd5d2f,Street,0,15,1,5,2,4,0,0,0,9,0,20,4,0,0,13,7,1,0,87,6,3,0,1
4145,steam:1100001078c0669,2,0,2,1,31,3,70,3,0,3,112,2,58,2,0,0,16,0,1,0,244,2,1,0,1
4147,steam:1100001078c0669,3,0,37,4,102,7,61,3,0,3,112,1,6,0,0,0,16,0,16,0,211,17,1,0,1
4149,steam:11000010e281d6b,Chemise Bleu ,0,15,0,26,6,31,2,0,2,0,0,50,0,0,0,10,4,26,0,260,24,33,0,1
4150,steam:110000134e4a929,sans nom,0,49,0,46,0,25,0,0,0,0,0,34,0,0,0,21,0,15,0,105,0,1,0,1
4151,steam:110000119400318,tenue jeans,0,0,0,1,2,12,12,0,12,49,0,1,1,0,0,6,0,2,0,70,1,1,0,1
4152,steam:11000011219f1f6,classe2,0,6,0,8,1,44,1,0,1,0,0,1,1,0,0,6,0,24,0,13,0,12,0,1
4153,steam:1100001146e12b8,Costume,0,6,0,24,5,20,5,0,5,4,0,120,0,0,0,5,5,26,1,25,9,1,0,1
4155,steam:11000010efb5a4f,SWAT,0,131,0,31,0,27,0,0,0,1,0,75,0,0,0,5,0,16,0,111,3,5,0,1
4156,steam:11000011a4e6a2e,Bien habillée,0,4,0,25,6,10,0,0,0,4,0,30,0,0,0,5,7,1,0,72,0,1,0,1
4158,steam:11000010d146d27,street,0,0,0,8,0,1,0,0,0,0,0,1,1,0,0,6,0,2,0,7,2,1,0,1
4160,steam:1100001082a5059,Civil blouson bleu,0,115,5,63,0,1,8,0,8,0,0,14,1,0,0,6,0,1,0,230,6,33,0,1
4161,steam:11000010e281d6b,Chemise noir,0,15,0,24,0,31,3,0,3,0,0,50,0,0,0,10,4,26,0,234,0,33,0,1
4162,steam:1100001037b4335,sans nom,0,0,0,8,0,1,0,0,0,0,0,1,1,0,0,6,0,2,0,7,2,1,0,1
4163,steam:1100001037b4335,sans nom,0,0,0,8,0,1,0,0,0,0,0,1,1,0,0,6,0,2,0,7,2,1,0,1
4164,steam:11000011219f1f6,civil8,0,8,1,107,2,1,12,0,12,0,0,1,1,0,0,6,0,24,1,168,3,1,0,1
4165,steam:1100001060dfa98,Normal I,0,15,1,9,5,65,1,0,1,58,0,52,0,0,0,6,0,19,1,56,0,1,0,1
4167,steam:11000013665a698,Wazaa - LSPD,0,2,2,20,0,9,2,0,2,0,0,11,0,0,0,18,2,1,0,168,1,2,0,1
4168,steam:1100001031f3ea2,gandja,0,0,0,9,14,12,0,0,0,0,0,50,0,0,0,6,0,155,15,121,3,1,0,1
4169,steam:110000102f603cc,Chic Hiver,0,67,0,6,0,8,0,0,0,11,0,14,0,0,0,6,0,1,0,64,0,1,0,1
4170,steam:110000134e2b06b,sans nom,0,20,0,29,15,25,0,0,0,0,0,1,0,0,0,2,0,19,0,18,0,1,0,1
4171,steam:110000134e2b06b,sans nom,0,20,0,29,15,25,0,0,0,0,0,1,0,0,0,2,0,19,0,18,0,1,0,1
4172,steam:1100001000146d6,Costard,0,0,0,8,0,1,0,0,0,0,0,1,1,0,0,6,0,2,0,7,2,1,0,1
4173,steam:1100001000146d6,sans nom,0,0,0,8,0,1,0,0,0,0,0,1,1,0,0,6,0,2,0,7,2,1,0,1
4174,steam:1100001000146d6,sans nom,0,0,0,8,0,1,0,0,0,0,0,1,1,0,0,6,0,2,0,7,2,1,0,1
4175,steam:11000011d5588e2,1,0,6,0,28,15,10,0,0,0,0,0,25,1,0,0,5,0,11,0,11,1,1,0,1
4176,steam:11000010b3b2c48,Serieux,0,21,0,24,0,10,0,0,0,10,0,12,0,0,0,7,0,2,0,4,0,37,0,1
4179,steam:11000010ac74881,Skuu,0,0,0,8,0,1,0,0,0,0,0,1,1,0,0,6,0,2,0,7,2,1,0,1
4180,steam:1100001101366d8,discret,0,15,0,79,2,7,0,0,0,50,1,96,0,0,0,5,0,19,0,73,4,33,0,1
4181,steam:1100001101366d8,jugement,0,15,0,25,5,10,0,0,0,7,0,11,0,0,0,5,0,11,0,13,2,33,0,1
4183,steam:11000010458eef2,White,0,76,6,4,2,26,9,0,9,7,0,110,4,0,0,7,3,12,0,122,8,1,0,1
4186,steam:110000111b6e7d6,Tenue Taxi chaude,0,10,2,10,4,10,0,0,0,38,0,1,1,0,0,5,0,22,0,72,1,1,0,1
4187,steam:110000111b6e7d6,Tenue Taxi blanc,0,10,0,10,5,10,0,0,0,38,12,1,1,0,0,5,0,22,0,4,5,1,0,1
4188,steam:110000104253d7d,Uber,0,10,0,10,0,10,0,0,0,38,0,4,1,0,0,5,9,22,0,4,0,15,0,1
4191,steam:1100001025ffefb,Bracage Black,0,50,0,10,0,9,0,0,0,0,0,50,0,0,0,13,0,19,0,49,0,9,0,1
4192,steam:1100001025ffefb,Bg ,0,1,0,10,0,9,0,0,0,4,0,50,0,0,0,13,0,1,0,62,0,9,0,1
4193,steam:11000011d5588e2,;otot,0,6,0,28,15,10,0,0,0,0,0,48,0,0,0,5,0,11,0,11,1,1,0,1
4194,steam:11000010abb3ad2,sans nom,0,0,0,8,0,1,0,0,0,0,0,1,1,0,0,6,0,2,0,7,2,1,0,1
4195,steam:11000010abb3ad2,sans nom,0,0,0,8,0,1,0,0,0,0,0,1,1,0,0,6,0,2,0,7,2,1,0,1
4196,steam:1100001139f3d0e,poseey,0,35,0,24,0,36,0,0,0,0,0,50,0,0,0,5,0,1,0,264,0,1,0,1
4198,steam:1100001025ffefb,Soirée,0,11,0,20,0,21,0,0,0,9,0,50,0,0,0,19,0,1,0,115,0,18,0,1
4199,steam:110000109c62720,Op 2 ,0,15,0,9,7,25,0,0,0,4,0,52,0,0,0,5,1,17,0,50,0,31,0,1
4201,steam:110000136229ac5,1,0,15,0,9,15,12,6,0,6,0,0,12,0,0,0,5,5,139,4,50,0,1,0,1
4204,steam:11000010b3b2c48,Serieux 2,0,13,0,24,0,10,0,0,0,10,0,12,0,0,0,7,0,1,0,4,0,37,0,1
4205,steam:1100001060dfa98,Funny,0,15,0,88,11,1,0,0,0,112,2,52,0,0,0,6,0,18,0,201,0,1,0,1
4207,steam:11000011219f1f6,Fluo001,0,6,0,88,1,61,2,0,2,0,0,1,1,0,0,6,0,18,0,203,1,12,0,1
4208,steam:110000115cde636,oo,0,32,0,24,0,10,0,0,0,5,0,52,0,0,0,6,0,17,0,27,0,1,0,1
4209,steam:110000108fd9490,rouge,0,5,1,7,15,10,0,0,0,13,0,14,3,0,0,5,0,31,0,7,5,14,0,1
4210,steam:110000115cde636,666,0,56,0,31,2,25,0,0,0,5,0,115,0,0,0,6,0,17,0,53,0,1,0,1
4212,steam:11000011473017d,Chic/Bandana,0,10,2,10,0,10,0,0,0,1,0,14,1,0,0,6,0,8,0,60,2,1,0,1
4213,steam:110000108fd9490,chef motard,0,26,0,48,0,19,0,0,0,18,0,14,0,0,0,18,0,31,0,20,0,14,0,1
4215,steam:11000011219f1f6,sombre2,0,6,0,27,0,24,0,0,0,0,0,51,0,0,0,6,0,49,0,43,0,1,0,1
4218,steam:1100001098a6ea8,Civil illégalité,0,2,0,40,1,72,11,0,11,0,0,115,0,0,0,3,5,17,0,68,0,33,0,1
4220,steam:1100001098a6ea8,Civil,0,2,2,47,1,25,0,0,0,0,0,115,0,0,0,4,2,1,0,6,6,33,0,1
4223,steam:1100001182ba602,Ville,0,98,6,4,0,8,2,0,2,0,0,1,1,0,0,6,0,1,0,185,3,2,0,1
4224,steam:1100001092b6c5b,sans nom,0,0,0,8,0,1,0,0,0,0,0,1,1,0,0,6,0,2,0,7,2,1,0,1
4225,steam:1100001028a971d,yaune,0,76,1,4,0,31,0,0,0,50,0,89,0,0,0,6,0,1,0,62,0,30,0,1
4226,steam:110000136229ac5,2,0,15,0,9,13,12,6,0,6,0,0,12,0,0,0,5,5,107,6,200,2,1,0,1
4227,steam:1100001025ffefb,drogues,0,21,0,41,0,21,0,0,0,9,0,50,0,0,0,19,0,1,0,6,0,18,0,1
4228,steam:110000136229ac5,3,0,15,0,9,13,12,6,0,6,0,0,12,0,0,0,5,5,107,6,200,2,1,0,1
4230,steam:1100001099f21ce,police,0,18,0,26,0,27,0,0,0,125,0,30,0,0,0,10,4,16,0,139,3,2,0,1
4232,steam:1100001003a9102,streetwhite,0,15,0,4,0,75,13,0,13,112,2,77,4,0,0,8,7,17,0,187,0,26,2,1
4234,steam:11000010b257802,SWAT,0,131,0,31,0,25,0,0,0,1,0,75,0,0,0,7,9,16,0,111,0,2,0,1
4235,steam:1100001028a971d,nwar,0,15,0,10,0,2,0,0,0,4,0,115,0,0,0,6,0,1,0,50,0,30,0,1
4236,steam:11000010ce5670a,fluo,0,15,0,85,1,6,0,0,0,4,0,1,0,0,0,25,5,3,0,201,1,33,0,1
4237,steam:1100001101366d8,Fluo,0,15,0,85,2,58,2,0,2,4,0,1,0,0,0,25,3,3,0,201,2,33,0,1
4238,steam:11000010b613f7a,Fluo,0,15,0,106,0,68,4,0,4,4,0,65,0,0,0,5,0,3,0,274,0,33,0,1
4240,steam:11000010b82dd62,fluo,0,15,0,77,5,55,5,0,5,0,0,45,6,0,0,6,0,1,0,178,5,1,0,1
4241,steam:110000103128f79,Fluo,0,76,8,26,6,9,12,0,12,0,0,14,7,0,0,6,0,19,0,269,3,3,0,1
4243,steam:110000104253d7d,Everyday,0,72,3,10,4,8,0,0,0,13,0,77,9,0,0,5,9,22,0,70,2,15,0,1
4244,steam:11000010524a606,ville2,0,1,1,4,0,4,1,0,1,0,0,77,9,0,0,7,0,1,0,122,0,33,0,1
4245,steam:110000136229ac5,fluo,0,15,0,106,15,83,15,0,15,118,0,36,0,0,0,21,0,1,5,274,15,1,0,1
4246,steam:110000117b9590f,Tenu soireeeee,0,15,13,106,13,83,13,0,13,118,0,36,0,0,0,21,0,3,0,274,13,11,0,1
4247,steam:110000104253d7d,Soiree,0,15,0,106,12,67,9,0,9,121,0,23,0,0,0,25,3,3,0,274,12,26,3,1
4248,steam:11000010524a606,loooool,0,15,0,106,4,67,10,0,10,7,0,37,1,0,0,24,2,3,0,274,4,33,0,1
4255,steam:1100001028a971d,fluo,0,15,0,77,0,77,11,0,11,50,0,101,0,0,0,19,0,1,0,178,0,30,0,1
4256,steam:1100001003a9102,costume,0,15,0,106,10,83,10,0,10,112,2,77,4,0,0,8,7,3,0,274,10,26,2,1
4257,steam:11000011219f1f6,fluocivil6,0,6,0,88,2,61,2,0,2,0,0,1,1,0,0,6,0,13,0,203,2,12,0,1
4258,steam:110000102f603cc,Fluo reptile,0,2,0,113,11,87,11,0,11,78,0,35,0,0,0,13,0,8,0,287,11,15,0,1
4261,steam:11000010b395735,Braquage,0,15,0,39,0,51,0,0,0,4,0,50,0,0,0,5,2,17,0,65,0,33,0,1
4263,steam:11000011473017d,Militaire,0,15,0,102,6,25,0,0,0,1,0,106,3,0,0,6,0,16,0,50,1,1,0,1
4264,steam:110000108fd9490,ville,0,9,0,4,1,2,0,0,0,9,0,56,0,0,0,6,0,31,0,7,2,36,0,1
4268,steam:110000108660f93,Blouson,0,5,2,4,0,8,2,0,2,92,0,58,2,0,0,5,5,27,0,261,8,2,0,1
4273,steam:110000101c40f90,Plage,0,15,0,12,2,1,10,0,10,118,0,110,1,0,0,12,3,5,0,5,4,1,0,1
4274,steam:1100001323691b6,tenu moto,0,75,0,4,2,7,0,0,0,4,0,69,0,0,0,5,0,12,0,70,0,19,0,1
4275,steam:1100001323691b6,plage,0,15,0,14,0,5,0,0,0,17,0,3,1,0,0,5,0,15,0,15,0,19,0,1
4276,steam:1100001139f3d0e,SWAT1,0,131,0,31,0,27,0,0,0,1,0,75,0,0,0,5,0,16,0,111,0,1,0,1
4277,steam:11000010de82196,Simple,0,15,0,4,0,8,2,0,2,4,0,10,2,0,0,5,3,5,0,5,1,33,0,1
4278,steam:110000104253d7d,Taco d'été,0,15,0,18,2,16,8,0,8,130,0,77,9,0,0,12,0,15,0,15,0,15,0,1
4279,steam:11000011b002185,COOL,0,106,0,4,1,24,0,0,0,14,0,63,9,0,0,5,0,1,0,62,0,1,0,1
4281,steam:11000010de82196,Police,0,131,0,31,0,25,0,0,0,1,0,75,0,0,0,5,3,16,0,111,0,33,0,1
4283,steam:11000010b257802,Nord chap,0,47,0,4,1,12,0,0,0,4,0,4,0,0,0,8,2,39,1,70,6,2,0,1
4285,steam:110000102f603cc,Rouge chic,0,26,0,6,0,6,0,0,0,13,3,25,0,0,0,13,0,6,0,25,0,15,0,1
4286,steam:1100001101366d8,Plage,0,15,0,16,2,16,0,0,0,50,1,96,0,0,0,5,0,15,0,15,0,33,0,1
4291,steam:1100001025ffefb,BG bis,0,1,0,23,7,8,1,0,1,17,0,50,0,0,0,19,0,2,0,70,0,18,0,1
4292,steam:11000010b613f7a,Plage ,0,15,0,16,2,34,0,0,0,4,0,65,0,0,0,5,0,15,0,15,0,33,0,1
4293,steam:11000010b613f7a,Zoner,0,15,0,52,0,8,0,0,0,4,0,65,0,0,0,5,0,15,0,70,0,33,0,1
4295,steam:1100001323691b6,planque,0,15,0,98,1,12,6,0,6,3,0,51,0,0,0,5,0,12,0,253,1,19,0,1
4296,steam:1100001139f3d0e,camouflage,0,15,0,59,6,50,0,0,0,0,0,83,0,0,0,25,1,1,0,224,0,3,0,1
4297,steam:110000104ea5d91,Plage / Chill,0,15,0,12,5,5,0,0,0,4,0,7,2,0,0,20,1,5,0,9,5,2,0,1
4302,steam:11000010b257802,Sergent LSPD,0,15,0,28,14,15,1,0,1,125,0,4,0,0,0,7,0,19,1,44,0,2,0,1
4303,steam:1100001078c0669,4,0,15,0,7,0,12,0,0,0,112,2,58,2,0,0,15,1,6,0,57,0,2,0,1
4305,steam:110000102904d97,Moto,0,51,0,26,0,27,0,0,0,15,0,115,0,0,0,6,0,16,0,17,3,33,0,1
4306,steam:1100001146e12b8,Moto lspd,0,51,0,31,0,24,0,0,0,4,0,115,0,0,0,5,5,26,1,17,3,1,0,1
4309,steam:11000011473017d,Raymond Redington,0,10,2,10,0,10,0,0,0,38,6,21,5,0,0,6,0,8,0,72,2,1,0,1
4310,steam:11000010e84de23,Gris,0,75,0,4,2,12,3,0,3,50,1,83,0,0,0,17,0,4,0,70,2,33,0,1
4314,steam:110000102cbdfd2,CLASSE,0,75,3,4,4,28,2,0,2,0,0,3,1,0,0,5,10,2,0,70,0,8,0,1
4315,steam:11000010bf00cbf,sans nom,0,11,0,4,0,10,0,0,0,9,0,1,1,0,0,5,0,1,0,77,0,3,0,1
4316,steam:11000011219f1f6,civilaffaire,0,60,1,27,0,8,0,0,0,0,0,55,24,0,0,11,3,27,0,58,0,12,0,1
4317,steam:11000010bf00cbf,look chic,0,11,0,4,0,10,0,0,0,9,0,1,1,0,0,5,0,1,0,77,0,3,0,1
4319,steam:11000010b3b2c48,gold pimp,0,15,0,46,0,29,0,0,0,122,0,131,0,0,0,10,0,15,0,78,0,20,0,1
4320,steam:110000102cbdfd2,STREET BLACK,0,2,2,3,2,1,2,0,2,0,0,2,1,0,0,5,5,32,0,202,0,8,0,1
4321,steam:11000010b257802,inter1,0,18,0,26,0,27,0,0,0,125,0,28,1,0,0,7,0,16,0,139,3,2,0,1
4322,steam:1100001139f3d0e,tenu secret,0,18,0,26,0,27,0,0,0,125,0,120,0,0,0,7,0,16,0,139,3,3,0,1
4323,steam:110000107319e58,soirer,0,15,0,13,0,1,2,0,2,17,1,1,1,0,0,6,0,6,0,92,0,33,0,1
4325,steam:110000100f32264,sans nom,0,15,0,77,9,55,9,0,9,13,0,91,9,0,0,8,0,17,0,178,9,4,0,1
4326,steam:110000100f32264,motard,0,15,0,77,9,55,9,0,9,13,0,91,9,0,0,8,0,17,0,178,9,4,0,1
4327,steam:110000108a97e08,sans nom,0,0,0,8,0,1,0,0,0,0,0,1,1,0,0,6,0,2,0,7,2,1,0,1
4328,steam:110000113433f40,Tenue ville,0,25,0,4,2,7,0,0,0,25,2,1,1,0,0,5,0,11,0,60,0,33,0,1
4330,steam:11000010b82dd62,bruuun,0,76,1,78,0,31,1,0,1,22,9,45,6,0,0,18,7,1,0,167,6,14,0,1
4336,steam:1100001092b6c5b,tenue 1,0,76,0,1,0,1,0,0,0,50,0,11,0,0,0,7,0,2,0,70,0,4,0,1
4338,steam:11000010d5dce31,Police,0,18,0,26,0,25,0,0,0,125,0,83,0,0,0,8,0,17,0,111,3,1,0,1
4339,steam:1100001078c0669,5,0,13,9,8,4,35,0,0,0,112,0,104,14,0,0,15,1,11,0,13,3,2,0,1
4341,steam:110000100f32264,nor;ql,0,15,0,4,0,2,0,0,0,13,0,10,1,0,0,5,0,17,0,50,0,5,0,1
4342,steam:1100001166805e6,plage,0,15,0,54,0,5,0,0,0,0,0,50,0,0,0,8,0,15,0,15,0,1,0,1
4343,steam:11000010ce5670a,Classe,0,22,1,4,2,36,3,0,3,4,0,26,3,0,0,19,0,4,0,11,0,33,0,1
4344,steam:11000010b257802,INVESTIGATION,0,15,0,26,0,12,6,0,6,4,0,58,2,0,0,8,2,30,0,50,0,2,0,1
4345,steam:11000010d5dce31,MN,0,56,1,59,0,25,0,0,0,3,0,53,0,0,0,8,0,17,0,50,0,1,0,1
4346,steam:110000108eb4349,1,0,76,0,19,0,12,0,0,0,0,0,1,1,0,0,5,0,2,0,167,0,1,0,1
4348,steam:110000108eb4349,sans nom,0,76,0,19,0,12,0,0,0,0,0,1,1,0,0,5,0,2,0,167,0,1,0,1
4349,steam:110000108eb4349,sans nom,0,76,0,19,0,12,0,0,0,0,0,1,1,0,0,5,0,2,0,167,0,1,0,1
4350,steam:110000108eb4349,sans nom,0,76,0,19,0,12,0,0,0,0,0,1,1,0,0,5,0,2,0,167,0,1,0,1
4351,steam:110000108eb4349,sans nom,0,76,0,19,0,12,0,0,0,0,0,1,1,0,0,5,0,2,0,167,0,1,0,1
4352,steam:110000108eb4349,sans nom,0,76,0,19,0,12,0,0,0,0,0,1,1,0,0,5,0,2,0,167,0,1,0,1
4353,steam:110000108eb4349,sans nom,0,76,0,19,0,12,0,0,0,0,0,1,1,0,0,5,0,2,0,167,0,1,0,1
4354,steam:110000108eb4349,sans nom,0,76,0,19,0,12,0,0,0,0,0,1,1,0,0,5,0,2,0,167,0,1,0,1
4355,steam:110000108eb4349,sans nom,0,76,0,19,0,12,0,0,0,0,0,1,1,0,0,5,0,2,0,167,0,1,0,1
4356,steam:110000108eb4349,sans nom,0,76,0,19,0,12,0,0,0,0,0,1,1,0,0,5,0,2,0,167,0,1,0,1
4357,steam:1100001176b2fd7,sans nom,0,0,0,8,0,1,0,0,0,0,0,1,1,0,0,6,0,2,0,7,2,1,0,1
4358,steam:110000102820b7d,Biker,0,1,0,7,8,12,6,0,6,4,0,14,1,0,0,5,6,2,0,173,0,3,0,1
4359,steam:110000109128173,moto police,0,14,0,10,0,15,0,0,0,0,0,17,0,0,0,6,0,8,0,17,0,1,0,1
4360,steam:110000102cbdfd2,BRACO,0,15,0,13,0,1,2,0,2,0,0,11,0,0,0,5,6,96,0,50,0,5,2,1
4361,steam:110000102cbdfd2,BLOOD QUARTIER,0,15,0,5,5,28,3,0,3,0,0,14,3,0,0,5,6,96,0,14,9,5,2,1
4362,steam:110000102cbdfd2,POSEY,0,15,0,42,4,6,0,0,0,51,0,14,1,0,0,5,6,15,0,15,9,5,2,1
4363,steam:110000102cbdfd2,INCONNU,0,15,0,77,9,55,9,0,9,9,0,91,9,0,0,6,0,49,0,178,9,5,2,1
4364,steam:110000108a97e08,gg,0,0,0,8,0,1,0,0,0,0,0,1,1,0,0,6,0,2,0,7,2,1,0,1
4366,steam:110000117b9590f,Tenu Sur les point,0,28,2,28,0,10,0,0,0,0,0,50,0,0,0,5,0,30,0,130,0,11,0,1
4367,steam:11000010efb5a4f,civil,0,21,4,10,0,10,0,0,0,0,0,12,0,0,0,5,0,17,0,38,0,5,0,1
4368,steam:110000100f32264,motard flic,0,15,0,4,0,2,0,0,0,13,0,48,0,0,0,5,0,17,0,111,0,5,0,1
4369,steam:11000010979dfb9,Autre Blz,0,15,0,4,1,27,0,0,0,4,0,11,3,0,0,6,0,17,0,3,6,1,0,1
4372,steam:1100001124f5567,Civil\,0,15,0,8,0,1,0,0,0,0,0,3,1,0,0,5,1,8,0,14,7,5,0,1
4373,steam:11000010e84de23,GDC 1,0,10,0,28,0,10,0,0,0,38,0,83,0,0,0,17,4,4,0,4,0,33,0,1
4374,steam:11000010e84de23,GDC2,0,10,0,24,5,20,3,0,3,22,3,83,0,0,0,17,4,4,0,23,3,33,0,1
4375,steam:11000010c4bcdc8,BIGNESS,0,15,0,78,2,1,2,0,2,0,0,96,0,0,0,7,0,32,0,205,0,2,0,1
4376,steam:110000113433f40,Gang,0,15,15,28,0,10,0,0,0,4,0,1,1,0,0,25,4,33,0,139,3,33,0,1
4377,steam:1100001028a971d,jaune discret,0,76,1,4,0,2,0,0,0,40,2,65,0,0,0,18,2,1,0,62,0,30,0,1
4379,steam:110000109128173,civil,0,9,3,4,4,8,4,0,4,0,0,17,0,0,0,6,0,6,0,7,0,1,0,1
4381,steam:1100001025ffefb,Inconnu passe partout,0,1,0,24,4,8,1,0,1,17,0,50,0,0,0,19,0,1,0,269,14,18,0,1
4383,steam:110000115cde636,Bignessss,0,5,0,69,2,8,0,0,0,51,0,96,0,0,0,10,5,19,0,193,13,11,0,1
4384,steam:110000102820b7d,Costume,0,21,2,10,0,20,7,0,7,4,0,25,1,0,0,2,9,1,0,142,0,3,0,1
4385,steam:1100001139f3d0e,alvaro menes,0,48,1,59,6,50,0,0,0,0,0,45,6,0,0,8,0,1,0,69,0,3,0,1
4386,steam:11000010b3b2c48,chic,0,75,0,28,0,3,0,0,0,7,0,5,0,0,0,20,0,51,0,76,0,20,0,1
4387,steam:11000010b3b2c48,biker all black,0,15,0,1,0,2,0,0,0,7,0,52,0,0,0,7,0,17,0,86,0,36,0,1
4389,steam:1100001075f1b9a,Sergio1,0,10,0,10,0,10,0,0,0,4,0,64,11,0,0,2,0,6,0,99,0,3,0,1
4390,steam:110000102904d97,Braquage,0,15,0,59,0,24,0,0,0,0,0,52,0,0,0,5,6,30,0,50,0,33,0,1
4391,steam:11000011355c215,Ville,0,15,0,4,0,7,0,0,0,4,0,1,1,0,0,5,0,4,0,89,0,33,0,1
4392,steam:1100001075f1b9a,SergioOP1,0,21,0,7,0,24,0,0,0,4,0,129,16,0,0,2,0,18,0,10,0,3,0,1
4394,steam:110000102904d97,Ville,0,72,3,10,0,15,0,0,0,0,0,11,0,0,0,5,6,1,0,62,0,33,0,1
4395,steam:1100001075f1b9a,Sergioville2,0,75,1,10,0,12,6,0,6,4,0,129,16,0,0,2,0,1,0,59,2,3,0,1
4397,steam:11000010b257802,Costu;e bleu,0,4,1,24,2,15,0,0,0,26,4,4,1,0,0,7,9,1,0,4,1,2,0,1
4398,steam:11000010b257802,Diana,0,22,2,24,0,10,0,0,0,24,2,11,0,0,0,7,3,1,0,11,1,2,0,1
4399,steam:110000100f32264,swat,0,131,0,31,0,25,0,0,0,1,0,75,0,0,0,5,0,16,0,111,0,5,0,1
4401,steam:1100001101366d8,sale 2,0,15,0,97,11,25,0,0,0,31,1,115,25,0,0,5,0,33,0,251,11,33,0,1
4402,steam:11000010ce5670a,SALE BLANC,0,15,0,97,11,25,0,0,0,31,1,115,25,0,0,6,0,96,0,251,11,33,0,1
4403,steam:11000010e5bf6e7,sans nom,0,0,0,8,0,1,0,0,0,0,0,1,1,0,0,6,0,2,0,7,2,1,0,1
4404,steam:110000107fa453c,Oklm,0,15,0,78,2,2,0,0,0,0,0,76,9,0,0,5,1,33,0,61,3,3,0,1
4405,steam:1100001166805e6,discret,0,75,0,13,0,51,0,0,0,0,0,50,0,0,0,8,0,1,0,86,0,1,0,1
4406,steam:1100001166805e6,detente soiree,0,107,0,35,0,38,0,0,0,0,0,50,0,0,0,8,0,1,0,163,0,1,0,1
4407,steam:11000011d5588e2,taxi,0,10,9,10,3,10,0,0,0,0,0,7,2,0,0,5,0,4,0,4,0,1,0,1
4408,steam:11000010b82dd62,yellow,0,15,14,10,0,9,12,0,12,113,0,77,2,0,0,6,0,41,0,9,15,8,0,1
4409,steam:11000010b82dd62,casse,0,15,0,33,0,48,0,0,0,112,2,51,0,0,0,8,6,18,0,50,0,1,0,1
4410,steam:11000011219f1f6,Yaune6,0,8,1,31,2,79,25,0,25,0,0,12,0,0,0,18,6,18,0,149,13,12,0,1
4412,steam:11000010efb5a4f,investigation,0,18,0,26,0,27,0,0,0,125,0,104,20,0,0,5,0,16,0,139,3,5,0,1
4414,steam:11000013995049c,tenue journee 1,0,5,0,81,3,1,15,0,15,4,0,1,1,0,0,5,1,23,1,5,0,4,0,1
4416,steam:11000013995049c,tenue journee 2,0,12,7,79,2,1,15,0,15,4,0,11,5,0,0,5,1,19,0,60,0,4,0,1
4418,steam:110000111c3c893,sans nom,0,15,0,26,2,22,5,0,5,0,0,32,0,0,0,5,0,2,0,78,0,1,0,1
4419,steam:110000135e1a203,tenue maire ,0,10,0,28,0,10,0,0,0,38,0,52,0,0,0,18,3,4,0,4,0,33,0,1
4421,steam:110000113f34ddf,The Shadow,0,16,0,24,0,10,0,0,0,0,0,1,1,0,0,25,0,33,0,139,0,1,0,1
4424,steam:110000101c40f90,Ombre 1,0,15,14,77,10,50,0,0,0,112,2,91,10,0,0,24,2,17,0,178,10,1,0,1
4426,steam:110000109849d33,Buisnes,0,15,0,24,0,10,0,0,0,107,0,51,0,0,0,20,0,30,0,42,0,1,0,1
4427,steam:110000107fa453c,Gang,0,15,0,78,2,32,12,0,12,0,0,102,0,0,0,11,0,17,0,203,2,3,0,1
4428,steam:11000010979dfb9,BG,0,15,0,4,0,27,0,0,0,17,0,52,0,0,0,6,0,21,0,50,0,1,0,1
4429,steam:110000107fa453c,Braquo,0,15,0,78,2,1,2,0,2,0,0,51,0,0,0,11,0,17,0,50,0,3,0,1
4430,steam:11000010c4aa2ee,bracage,0,116,0,28,15,6,0,0,0,0,0,83,1,0,0,10,2,4,0,68,3,1,0,1
4431,steam:11000010c6fc367,BG,0,76,0,4,0,31,1,0,1,17,2,77,12,0,0,3,7,17,0,191,21,8,1,1
4432,steam:110000102cbdfd2,BIKER,0,2,4,22,0,12,6,0,6,132,0,14,1,0,0,7,0,21,0,162,0,17,0,1
4433,steam:1100001124f5567,bikwe,0,1,0,10,0,12,6,0,6,4,0,14,1,0,0,7,0,5,0,157,0,5,0,1
4434,steam:1100001139f3d0e,New tenue,0,76,0,47,0,4,0,0,0,0,0,45,6,0,0,8,0,4,0,70,0,3,0,1
4435,steam:11000011219f1f6,Yaune7,0,8,1,112,0,79,25,0,25,0,0,12,0,0,0,18,6,29,0,247,5,15,0,1
4437,steam:11000010458eef2,UBER,0,11,7,4,1,4,0,0,0,14,0,131,16,0,0,7,0,4,0,4,0,1,0,1
4439,steam:11000010bdd9a91,Rouge street,0,13,0,43,0,3,2,0,2,0,0,57,0,0,0,4,5,1,0,35,5,1,0,1
4440,steam:110000102904d97,sans nom,0,18,0,26,0,27,0,0,0,125,0,120,0,0,0,6,0,16,0,139,3,33,0,1
4446,steam:1100001124f5567,civil 2,0,15,0,7,6,28,2,0,2,0,0,110,7,0,0,5,1,8,0,187,10,5,0,1
4447,steam:1100001124f5567,chic1,0,7,0,24,6,20,0,0,0,0,0,64,7,0,0,21,1,11,0,25,6,5,0,1
4449,steam:11000010dbec0f1,Biche,0,15,2,4,0,31,1,0,1,14,0,49,0,0,0,2,0,6,0,117,9,33,0,1
4450,steam:11000011d5588e2,civil,0,10,0,24,6,10,0,0,0,125,0,11,6,0,0,5,0,4,0,4,2,1,0,1
4454,steam:11000010bdd9a91,Noir,0,13,0,43,0,3,0,0,0,0,0,57,0,0,0,4,5,1,0,69,0,1,0,1
4455,steam:11000011219f1f6,civil80,0,38,2,27,0,86,0,0,0,23,2,61,4,0,0,6,0,25,0,99,0,1,0,1
4459,steam:1100001031bb195,Baldan,0,0,0,8,0,1,0,0,0,0,0,1,1,0,0,6,0,2,0,7,2,1,0,1
4460,steam:1100001031bb195,sans nom,0,0,0,8,0,1,0,0,0,0,0,1,1,0,0,6,0,2,0,7,2,1,0,1
4462,steam:1100001003a9102,CommandoGreen,0,127,0,37,0,50,0,0,0,119,0,115,1,0,0,8,7,17,0,53,0,26,2,1
4463,steam:110000112d6a726,MALF EPICEE,0,141,1,65,10,59,20,0,20,0,0,49,19,0,0,10,4,1,0,70,2,3,0,1
4464,steam:11000013582f618,chill,0,28,4,4,0,1,14,0,14,0,0,7,2,0,0,5,4,4,0,7,2,4,0,1
4465,steam:11000010ce5670a,RATON,0,14,0,107,1,37,1,0,1,4,0,121,0,0,0,6,0,17,0,276,5,33,0,1
4466,steam:1100001003a9102,CommandoGreenLight,0,125,1,87,17,62,4,0,4,112,2,115,4,0,0,9,0,138,17,220,17,26,2,1
4467,steam:11000010ce5670a,ROSE,0,10,0,97,10,25,0,0,0,1,0,115,11,0,0,6,0,17,0,251,10,33,0,1
4468,steam:1100001003a9102,CommandoBlackgrey,0,56,1,33,0,24,0,0,0,112,2,115,0,0,0,9,0,17,0,243,17,26,2,1
4469,steam:110000135e1a203,tenue tatoo,0,15,0,78,2,2,0,0,0,0,0,77,7,0,0,18,3,5,0,5,2,33,0,1
4470,steam:11000011125db40,SHADOW,0,15,0,24,0,10,0,0,0,4,0,50,0,0,0,25,2,33,0,139,3,2,0,1
4471,steam:110000135e1a203,tenue sale,0,15,0,78,2,4,1,0,1,7,0,52,0,0,0,18,3,17,0,89,0,33,0,1
4472,steam:11000010979dfb9,sans nom,0,15,0,4,0,27,0,0,0,17,0,52,0,0,0,6,0,21,0,50,0,1,0,1
4473,steam:110000115cde636,Docteur,0,13,3,24,5,8,0,0,0,126,0,96,0,0,0,10,5,92,0,13,3,2,0,1
4474,steam:11000010bf92205,rouge ,0,75,3,26,0,28,2,0,2,0,0,51,0,0,0,6,0,96,0,167,0,1,0,1
4475,steam:110000105c7f81d,Street,0,15,0,26,0,8,0,0,0,4,0,50,0,0,0,6,0,19,0,171,0,2,0,1
4480,steam:11000010c4aa2ee,bigboubous,0,15,0,28,8,6,0,0,0,57,1,14,0,0,0,16,3,23,0,223,0,2,0,1
4481,steam:110000115cde636,bIGGGNN,0,131,13,69,2,8,0,0,0,51,0,96,0,0,0,10,5,19,0,193,16,11,0,1
4482,steam:1100001101366d8,Sale bleue fluo,0,126,0,97,9,25,0,0,0,31,0,115,18,0,0,5,0,17,0,251,9,33,0,1
4483,steam:11000010458eef2,Rouge,0,15,0,4,0,32,0,0,0,4,0,77,5,0,0,7,3,20,0,41,0,1,0,1
4486,steam:1100001060dfa98,Sombre ,0,15,0,9,0,1,2,0,2,58,0,52,0,0,0,15,6,20,0,57,0,1,0,1
4489,steam:11000010bdf4734,Mon,0,0,0,8,0,1,0,0,0,0,0,1,1,0,0,6,0,2,0,7,2,1,0,1
4490,steam:110000110a93662,Rue 3,0,15,0,4,0,2,0,0,0,53,0,51,0,0,0,5,1,52,0,9,1,2,0,1
4491,steam:110000105bff9aa,Opération Claquette,0,75,3,97,22,6,0,0,0,1,1,115,3,0,0,6,3,1,0,251,22,1,0,1
4494,steam:110000102cbdfd2,KAKI,0,75,3,1,9,28,4,0,4,0,0,20,0,0,0,11,0,2,0,70,11,8,0,1
4495,steam:1100001065dcf08,Street 1,0,76,1,3,2,7,0,0,0,51,0,77,20,0,0,15,9,4,0,127,10,20,0,1
4498,steam:1100001144b4ecd,LS News - Blanc/Rouge,0,20,2,37,5,14,15,0,15,0,0,81,0,0,0,5,7,1,0,7,1,1,0,1
4500,steam:110000139e036b6,sans nom,0,0,0,8,0,1,0,0,0,0,0,1,1,0,0,6,0,2,0,7,2,1,0,1
4501,steam:110000102cbdfd2,SWAGG,0,4,0,24,0,20,0,0,0,0,0,12,1,0,0,5,4,96,0,59,2,8,0,1
4502,steam:110000116d4ec41,classe,0,11,0,24,0,10,0,0,0,4,0,8,0,0,0,4,2,4,0,28,0,33,0,1
4503,steam:110000113433f40,Pecno,0,15,0,4,0,12,0,0,0,15,0,115,24,0,0,5,0,19,1,57,0,33,0,1
4504,steam:1100001171baa3c,illégale,0,15,0,33,0,24,0,0,0,112,2,53,0,0,0,8,0,17,0,50,0,3,0,1
4505,steam:1100001171baa3c,civil,0,130,2,78,2,1,2,0,2,4,0,11,1,0,0,8,0,1,0,12,2,3,0,1
4506,steam:11000011473017d,BigNess,0,15,0,78,2,1,14,0,14,4,0,96,0,0,0,5,5,21,0,205,0,2,0,1
4507,steam:11000010a88b28f,Swag Gang',0,82,3,76,7,9,3,0,3,49,1,52,0,0,0,18,2,19,0,191,9,5,0,1
4508,steam:110000131d714e0,travail,0,10,0,1,0,7,0,0,0,4,0,50,0,0,0,25,2,33,0,6,0,16,0,1
4509,steam:110000117b9590f,The Shadow,0,15,0,24,0,10,0,0,0,0,0,115,3,0,0,25,4,33,0,139,3,4,0,1
4510,steam:110000115cde636,gingging,0,131,1,69,2,8,0,0,0,51,0,96,0,0,0,10,5,19,0,193,10,11,0,1
4511,steam:1100001174b9ee3,Flow +1,0,8,1,7,2,6,0,0,0,0,0,77,5,0,0,7,0,1,0,167,3,33,0,1
4512,steam:1100001146c154e,Tenue normal,0,15,0,7,1,2,0,0,0,0,0,11,3,0,0,6,0,17,0,111,5,1,0,1
4513,steam:110000109849d33,Discret,0,16,0,24,0,10,0,0,0,58,0,53,0,0,0,25,2,33,0,139,3,2,0,1
4515,steam:1100001028a971d,jauuuune,0,15,0,4,0,31,0,0,0,50,0,77,4,0,0,6,0,14,0,62,0,30,0,1
4516,steam:11000010bf92205,noir,0,75,3,26,0,28,1,0,1,0,0,51,0,0,0,6,0,96,0,167,3,1,0,1
4517,steam:1100001146c154e,Tenue classe,0,10,0,10,2,15,4,0,4,22,3,11,3,0,0,6,0,17,0,4,3,33,0,1
4518,steam:110000111944510,1,0,111,5,44,2,27,0,0,0,0,0,1,1,0,0,6,0,1,0,8,2,1,0,1
4519,steam:11000010e79ebc5,civil,0,15,0,33,0,8,2,0,2,7,0,63,9,0,0,5,1,28,0,70,2,15,0,1
4521,steam:110000117b9590f,Tenu Jogging,0,28,2,78,4,31,0,0,0,0,0,66,0,0,0,5,0,1,0,88,0,11,0,1
4522,steam:1100001124f5567,chemise rouoge,0,1,0,46,0,32,5,0,5,0,0,77,15,0,0,21,1,1,0,127,10,5,0,1
4523,steam:11000010bf7dad4,sans nom,0,0,0,8,0,1,0,0,0,0,0,1,1,0,0,6,0,2,0,7,2,1,0,1
4525,steam:110000117b9590f,Tenu tourner en moto en ville,0,15,13,4,0,31,0,0,0,112,2,52,0,0,0,25,4,17,0,89,0,11,0,1
4527,steam:11000010bf7dad4,CIVIL,0,0,0,8,0,1,0,0,0,0,0,1,1,0,0,6,0,2,0,7,2,1,0,1
4528,steam:1100001171baa3c,3,0,130,2,78,5,2,6,0,6,4,0,51,0,0,0,8,6,11,0,61,1,33,0,1
4529,steam:110000115cde636,bRAQUOOOOOO,0,131,0,46,0,25,0,0,0,5,0,116,0,0,0,6,0,17,0,50,0,1,0,1
4530,steam:110000111437656,sans nom,0,15,0,4,1,2,0,0,0,4,0,1,1,0,0,6,0,19,0,131,0,1,0,1
4531,steam:110000111437656,Blouson noir,0,2,2,4,1,2,0,0,0,4,0,1,1,0,0,6,0,31,0,69,0,1,0,1
4532,steam:11000011a457034,sans nom,0,0,0,8,0,1,0,0,0,0,0,1,1,0,0,6,0,2,0,7,2,1,0,1
4533,steam:11000011312a184,Basic,0,15,0,33,0,9,3,0,3,0,0,3,1,0,0,6,0,2,0,113,0,1,0,1
4535,steam:110000104253d7d,Patron,0,21,4,24,0,10,0,0,0,18,0,11,1,0,0,5,9,24,0,10,0,35,0,1
4536,steam:11000010bebb1fb,Civil 1,0,15,0,24,0,7,0,0,0,4,0,83,0,0,0,6,0,4,0,50,0,2,0,1
4538,steam:110000111437656,Blanc,0,15,0,4,0,1,15,0,15,4,0,10,6,0,0,5,0,31,0,134,2,1,0,1
4539,steam:110000139e036b6,Brun,0,15,0,75,7,64,4,0,4,0,0,11,6,0,0,17,2,2,0,251,25,3,0,1
4542,steam:110000131d714e0,shit vente,0,24,1,13,0,2,0,0,0,112,2,51,0,0,0,5,0,31,0,38,0,33,0,1
4544,steam:110000111437656,Camouflage,0,130,0,4,0,1,12,0,12,4,0,77,7,0,0,5,0,30,0,193,21,1,0,1
4545,steam:11000010a88b28f,Swag Gang' 2,0,15,0,26,0,31,4,0,4,49,1,77,7,0,0,18,2,20,0,78,9,5,0,1
4546,steam:1100001003a9102,barriolourd,0,125,0,42,5,1,0,0,0,112,2,77,4,0,0,8,7,23,0,238,1,26,2,1
4547,steam:110000115cde636,000000,0,2,0,42,0,7,2,0,2,50,0,96,0,0,0,10,5,19,0,22,1,11,0,1
4548,steam:1100001043b8c2a,civila,0,27,0,10,5,20,3,0,3,10,0,1,1,0,0,6,0,4,0,10,6,33,0,1
4549,steam:11000011125db40,Sweat oklm,0,1,1,1,15,31,0,0,0,93,0,51,0,0,0,7,0,1,0,7,2,2,0,1
4551,steam:11000010b76cde0,frais,0,0,0,9,0,31,0,0,0,4,0,120,0,0,0,6,0,2,0,22,0,33,0,1
4552,steam:11000010b76cde0,sans nom,0,0,0,9,0,31,0,0,0,4,0,120,0,0,0,6,0,2,0,22,0,33,0,1
4554,steam:11000010bf7dad4,swat,0,131,0,31,0,27,0,0,0,1,0,75,0,0,0,6,0,16,0,53,0,1,0,1
4555,steam:1100001043b8c2a,swat pantalon bleu,0,131,0,31,0,27,0,0,0,1,0,75,0,0,0,6,0,16,0,111,3,33,0,1
4556,steam:11000010bf7dad4,CIVIL REAL,0,23,0,1,0,1,0,0,0,4,0,1,1,0,0,6,0,2,0,70,0,1,0,1
4557,steam:110000110da8056,lol,0,96,0,4,0,1,0,0,0,14,0,45,1,0,0,6,0,14,0,122,4,31,0,1
4559,steam:1100001043b8c2a,SWAT BGG,0,131,2,31,3,27,0,0,0,1,0,75,0,0,0,6,0,16,0,111,0,33,0,1
4560,steam:11000010b3e1063,sans nom,0,15,0,8,0,1,0,0,0,0,0,1,1,0,0,6,0,2,0,50,0,1,0,1
4561,steam:1100001087770e1,AHOUI,0,0,0,8,0,1,0,0,0,0,0,1,1,0,0,6,0,2,0,70,0,1,0,1
4562,steam:1100001087770e1,mmh,0,0,0,8,0,1,0,0,0,0,0,1,1,0,0,6,0,2,0,70,0,1,0,1
4563,steam:11000010bf92205,tenue tranquille,0,28,2,28,0,12,6,0,6,0,0,47,1,0,0,13,0,96,0,70,0,1,0,1
4564,steam:11000010d4829db,Tenue SWAT,0,131,0,31,0,27,0,0,0,1,0,75,0,0,0,5,0,16,0,53,0,1,0,1
4566,steam:110000105e63cd7,Tenue 1,0,3,0,4,0,7,0,0,0,0,0,12,0,0,0,5,0,1,0,4,0,1,0,1
4568,steam:11000010f22838b,Civil,0,2,0,28,0,4,2,0,2,17,0,91,7,0,0,5,1,20,0,187,10,13,0,1
4569,steam:11000010f22838b,Chic,0,4,0,28,0,10,0,0,0,17,0,66,0,0,0,5,1,20,0,4,0,13,0,1
4570,steam:11000010a88b28f,Uber,0,3,0,20,0,18,0,0,0,49,1,77,7,0,0,18,2,20,0,20,0,5,0,1
4572,steam:110000103128f79,Pilote,0,15,0,24,2,20,11,0,11,0,0,1,0,0,0,5,6,41,0,55,0,3,0,1
4575,steam:1100001065dcf08,OP 1,0,15,0,9,13,2,0,0,0,51,0,51,0,0,0,15,9,31,0,53,0,20,0,1
4576,steam:110000100f32264,sergent,0,18,0,26,0,27,0,0,0,125,0,4,20,0,0,5,0,16,0,139,3,3,0,1
4577,steam:11000013aca2345,Incognito mode chic,0,4,0,24,0,28,1,0,1,4,0,51,0,0,0,5,0,17,0,72,2,8,0,1
4578,steam:11000013aca2345,Blood'Z,0,141,1,3,5,28,3,0,3,4,0,51,0,0,0,5,0,17,0,7,5,8,0,1
4579,steam:11000013aca2345,Motard/Fin d'opération,0,8,1,9,7,28,0,0,0,4,0,51,0,0,0,5,0,17,0,122,8,8,0,1
4581,steam:11000011219f1f6,civilPakita,0,6,0,51,0,1,3,0,3,0,0,1,1,0,0,6,0,9,0,9,4,12,0,1
4583,steam:11000010ec943a8,Ganja,0,15,0,12,0,6,0,0,0,0,0,3,1,0,0,10,0,15,0,252,0,1,0,1
4585,steam:11000010b257802,plage,0,15,0,16,3,5,2,0,2,4,0,11,0,0,0,7,3,15,0,15,0,33,0,1
4586,steam:110000102f603cc,tenue plage,0,15,0,14,9,5,0,0,0,14,0,25,0,0,0,13,0,15,0,15,0,15,0,1
4587,steam:110000111944510,armée,0,10,0,109,0,52,3,0,3,0,0,106,20,0,0,11,3,31,0,46,3,1,0,1
4588,steam:110000117b9590f,Tenu duo ally,0,15,0,52,0,25,0,0,0,51,0,106,20,0,0,5,0,26,0,50,4,11,0,1
4589,steam:110000111944510,swat,0,156,0,33,0,25,0,0,0,0,0,74,0,0,0,11,3,36,0,103,3,1,0,1
4590,steam:110000102cbdfd2,GRADUR,0,75,3,12,2,28,2,0,2,0,0,20,5,0,0,5,4,1,0,191,0,17,0,1
4592,steam:11000011d5588e2,Plage,0,83,0,6,10,5,0,0,0,0,0,48,0,0,0,5,0,19,0,22,0,1,0,1
4593,steam:11000011d5588e2,SERGENT,0,18,0,26,0,27,0,0,0,125,0,120,0,0,0,5,0,16,0,139,3,1,0,1
4594,steam:11000010ec943a8,Travail1,0,15,0,4,2,1,2,0,2,4,0,3,1,0,0,10,0,11,0,13,0,1,0,1
4595,steam:11000010a0126ce,casu,0,60,0,4,2,2,0,0,0,0,0,5,0,0,0,5,0,96,0,70,6,3,0,1
4596,steam:11000010a0126ce,Intervention,0,15,0,49,1,25,0,0,0,112,2,51,0,0,0,5,0,96,0,50,0,3,0,1
4597,steam:11000010a0126ce,Chic,0,4,1,10,4,40,9,0,9,0,0,7,2,0,0,5,0,96,0,72,2,3,0,1
4598,steam:1100001144b4ecd,Décontact",0,3,0,4,0,4,0,0,0,0,0,81,0,0,0,5,7,3,0,3,2,1,0,1
4599,steam:1100001174b9ee3,ENTRETIEN,0,12,4,10,2,4,2,0,2,18,3,11,2,0,0,5,10,1,0,23,2,33,0,1
4602,steam:11000010b257802,capitaine,0,16,0,4,1,15,4,0,4,13,0,4,1,0,0,8,0,4,0,3,12,2,0,1
4603,steam:11000011125db40,DROGUE,0,2,1,1,2,9,2,0,2,93,0,51,0,0,0,7,0,1,0,68,2,2,0,1
4604,steam:11000010ec943a8,Balec,0,15,0,3,2,1,0,0,0,4,0,58,2,0,0,7,0,11,0,86,0,1,0,1
4605,steam:110000112310f8d,sans nom,0,0,0,8,0,1,0,0,0,0,0,1,1,0,0,6,0,2,0,7,2,1,0,1
4606,steam:1100001101366d8,Perseus,0,15,0,4,0,31,1,0,1,15,0,58,2,0,0,5,0,1,0,259,9,33,0,1
4608,steam:110000104ac11a0,COOL basket,0,13,0,4,0,31,0,0,0,118,0,110,1,0,0,3,0,11,0,13,0,33,0,1
4609,steam:1100001003a9102,Whitegang,0,15,0,26,4,31,2,0,2,87,1,77,9,0,0,9,0,30,0,190,18,26,3,1
4610,steam:11000011219f1f6,Vagos/Blck,0,8,1,90,9,26,0,0,0,9,0,114,0,0,0,18,6,44,0,238,15,2,0,1
4611,steam:110000133315eb4,TheShadow,0,15,0,41,0,25,0,0,0,4,0,1,1,0,0,6,0,49,0,50,0,1,0,1
4612,steam:11000013ae420fb,Braque 1,0,15,0,34,0,2,0,0,0,0,0,5,0,0,0,9,0,17,0,50,0,1,0,1
4615,steam:11000010ec943a8,Costar,0,4,0,22,0,10,0,0,0,4,0,58,2,0,0,7,0,1,0,4,0,1,0,1
4616,steam:1100001065dcf08,Street 2,0,15,1,1,2,7,0,0,0,51,0,77,20,0,0,15,9,4,0,147,2,20,0,1
4617,steam:1100001065dcf08,OP 2,0,15,1,52,1,24,0,0,0,51,0,77,20,0,0,15,9,4,0,50,0,20,0,1
4620,steam:11000010458eef2,Chasse,0,76,1,97,23,72,17,0,17,4,0,77,6,0,0,7,0,20,0,122,5,1,0,1
4621,steam:1100001176ae4df,normal,0,1,5,4,1,9,2,0,2,7,0,1,1,0,0,7,0,1,0,4,3,3,0,1
4622,steam:110000109b5a777,sans nom,0,0,0,8,0,1,0,0,0,0,0,1,1,0,0,6,0,2,0,7,2,1,0,1
4623,steam:110000109b5a777,sans nom,0,0,0,8,0,1,0,0,0,0,0,1,1,0,0,6,0,2,0,7,2,1,0,1
4624,steam:110000109b5a777,sans nom,0,0,0,8,0,1,0,0,0,0,0,1,1,0,0,6,0,2,0,7,2,1,0,1
4625,steam:110000109b5a777,sans nom,0,0,0,8,0,1,0,0,0,0,0,1,1,0,0,6,0,2,0,7,2,1,0,1
4626,steam:11000010652eb72,costume veste longue,0,10,2,24,0,10,0,0,0,14,0,120,0,0,0,5,5,26,0,142,0,2,0,1
4627,steam:11000010652eb72,tenue arme sale,0,10,2,33,0,25,0,0,0,14,0,115,0,0,0,5,5,17,0,275,6,2,0,1
4628,steam:110000118a1b0cb,OIM,0,11,13,24,0,23,1,0,1,0,0,51,0,0,0,6,0,2,0,167,2,1,0,1
4629,steam:11000013ae420fb,Normale1,0,11,0,48,0,10,0,0,0,0,0,11,0,0,0,7,0,17,0,142,0,33,0,1
4630,steam:11000010e694487,Sombre,0,75,3,4,0,24,0,0,0,4,0,10,1,0,0,25,4,33,0,171,0,6,0,1
4633,steam:11000010b76cde0,brzko,0,15,0,3,0,8,0,0,0,4,0,50,0,0,0,6,0,1,0,61,0,33,0,1
4634,steam:110000105bff9aa,Braco,0,74,0,9,7,32,12,0,12,3,1,52,0,0,0,18,7,17,0,224,3,15,0,1
4635,steam:11000010e694487,Normal,0,72,3,4,0,12,12,0,12,4,0,10,1,0,0,25,4,33,0,72,0,6,0,1
4636,steam:11000010de82196,Tenue pour les planques,0,18,0,26,0,27,0,0,0,125,0,120,0,0,0,5,3,16,0,139,3,33,0,1
4637,steam:110000115cde636,lesjaune,0,15,0,42,5,5,3,0,3,0,0,37,5,0,0,6,0,19,0,1,3,1,0,1
4639,steam:110000118a1b0cb,oiiim,0,16,13,24,0,56,1,0,1,0,0,51,0,0,0,6,0,96,0,49,2,1,0,1
4640,steam:110000105bff9aa,Classique,0,71,3,24,0,10,0,0,0,4,0,52,0,0,0,15,9,17,0,104,0,15,0,1
4641,steam:11000010b257802,jugement,0,10,0,24,0,10,0,0,0,10,1,4,1,0,0,7,9,4,0,4,0,2,0,1
4642,steam:110000118a1b0cb,OIIIIIIM,0,8,13,24,0,56,1,0,1,0,0,51,0,0,0,6,0,96,0,167,3,1,0,1
4645,steam:110000110a93662,Rue 5,0,5,2,4,0,2,0,0,0,53,0,51,0,0,0,5,1,57,0,167,3,2,0,1
4646,steam:11000010e1fa482,Barrios,0,15,0,5,0,7,0,0,0,92,1,77,7,0,0,14,0,15,0,19,2,33,0,1
4648,steam:11000013a0daf00,Dodgers,0,15,0,9,7,8,2,0,2,4,0,52,0,0,0,5,0,8,0,128,8,33,0,1
4650,steam:11000013a0daf00,Braco,0,5,0,7,8,12,3,0,3,4,0,50,0,0,0,5,0,16,0,182,1,33,0,1
4651,steam:11000010ec943a8,Yeaaaaa,0,15,0,14,1,6,0,0,0,4,0,94,4,0,0,12,0,11,0,153,16,1,0,1
4653,steam:11000010a0126ce,Opération,0,4,0,10,0,10,0,0,0,24,2,53,0,0,0,5,0,96,0,59,2,3,0,1
4654,steam:1100001136b77e4,Intervention ,0,4,0,10,0,10,0,0,0,15,0,51,0,0,0,6,0,96,0,59,2,33,0,1
4655,steam:11000010bb3efc1,Opération,0,4,0,10,0,10,0,0,0,0,0,51,0,0,0,6,0,96,0,58,0,3,0,1
4656,steam:11000010e1fa482,Braquage,0,4,0,10,0,10,0,0,0,22,0,50,0,0,0,14,0,96,0,59,2,33,0,1
4658,steam:1100001136b77e4,Tenu de ville ,0,1,1,4,0,2,0,0,0,15,0,51,0,0,0,6,0,4,0,167,14,33,0,1
4659,steam:11000010bb3efc1,Tous les jours blanc et noir,0,1,0,22,0,8,0,0,0,0,0,5,0,0,0,6,0,4,0,7,0,3,0,1
4660,steam:11000011312a184,BARRIOS,0,15,0,33,0,9,0,0,0,0,0,3,1,0,0,6,0,6,0,141,5,33,0,1
4662,steam:1100001099f21ce,civil,0,15,0,4,1,12,6,0,6,112,0,30,0,0,0,10,4,4,0,3,7,2,0,1
4663,steam:11000010b731831,TENUE DE RUE,0,76,1,7,1,1,0,0,0,0,0,52,0,0,0,6,0,1,0,62,0,3,0,1
4664,steam:11000010b73f2d7,Classique,0,4,2,10,0,25,0,0,0,4,2,51,0,0,0,6,0,1,0,76,1,1,0,1
4666,steam:11000010ec943a8,Baby,0,69,2,78,0,22,5,0,5,4,0,11,3,0,0,2,0,15,0,167,6,1,0,1
4667,steam:11000010b22ed2e,Chic,0,0,0,8,0,1,0,0,0,0,0,1,1,0,0,6,0,2,0,7,2,1,0,1
4668,steam:11000010e79ebc5,juge,0,4,0,24,5,18,0,0,0,7,0,12,1,0,0,17,1,1,0,20,0,15,0,1
4669,steam:11000010be0c000,green,0,135,4,26,0,75,2,0,2,17,0,20,5,0,0,10,1,22,0,167,4,29,0,1
4670,steam:11000010ec943a8,Sport Muscu,0,15,0,6,1,2,0,0,0,4,0,11,3,0,0,2,0,15,0,252,0,1,0,1
4672,steam:11000011b22c340,civil 1,0,4,0,4,0,12,0,0,0,0,0,12,1,0,0,8,0,2,0,77,0,2,0,1
4673,steam:11000010d4829db,Tenue cadet avec casquette ,0,1,0,4,0,2,0,0,0,6,0,44,0,0,0,7,0,1,0,38,0,1,0,1
4675,steam:11000011b22c340,motard gun,0,2,0,4,0,7,0,0,0,6,0,12,1,0,0,8,0,1,0,6,0,2,0,1
4676,steam:110000108660f93,Cross,0,15,0,97,2,70,2,0,2,92,0,16,6,0,0,25,4,17,0,152,4,2,0,1
4677,steam:11000010d4829db,Tenue quotidienne,0,1,0,4,0,2,0,0,0,6,0,53,0,0,0,7,0,1,0,38,0,1,0,1
4678,steam:110000102682208,Costard noir,0,21,0,10,0,10,0,0,0,10,0,12,0,0,0,6,0,17,0,4,0,1,0,1
4679,steam:110000108daaf64,Yakuza,0,4,0,71,0,15,0,0,0,4,0,12,0,0,0,8,6,1,0,4,0,1,0,1
4680,steam:110000115224b27,Normal,0,141,0,4,0,24,0,0,0,4,0,10,0,0,0,6,0,20,0,62,0,1,0,1
4681,steam:1100001144b4ecd,Cheval,0,154,0,54,1,25,0,0,0,83,2,49,0,0,0,5,7,18,0,43,0,1,0,1
4682,steam:11000010b82dd62,casseBG,0,8,2,9,14,12,15,0,15,112,1,115,21,0,0,6,0,30,1,212,13,1,0,1
4683,steam:110000133315eb4,Flow Peep,0,1,0,58,1,28,0,0,0,4,0,11,0,0,0,6,0,1,0,86,2,3,0,1
4684,steam:11000013ae420fb,Motard,0,75,3,77,10,50,0,0,0,31,2,50,0,0,0,7,0,17,0,161,0,33,0,1
4685,steam:1100001174b9ee3,Uber Eats,0,15,0,10,3,7,0,0,0,0,0,130,4,0,0,6,0,32,0,2,14,33,0,1
4687,steam:11000013ae420fb,Motard 2,0,75,3,7,12,25,0,0,0,0,0,51,0,0,0,7,0,33,0,69,0,33,0,1
4688,steam:110000133315eb4,CIVIL,0,10,0,28,0,7,0,0,0,4,0,1,1,0,0,6,0,1,0,69,0,3,0,1
4689,steam:11000013ae420fb,Filature,0,75,3,71,3,1,2,0,2,0,0,108,20,0,0,1,1,17,2,7,2,2,0,1
4690,steam:110000100f32264,k9,0,18,0,26,0,27,0,0,0,125,0,4,20,0,0,5,0,16,0,139,3,3,0,1
4691,steam:11000013ae420fb,Normale 2,0,4,0,22,3,21,11,0,11,28,2,11,0,0,0,3,5,17,0,142,0,33,0,1
4692,steam:11000013582f618,srx,0,15,0,24,0,3,3,0,3,0,0,7,2,0,0,5,4,4,0,3,0,4,0,1
4694,steam:1100001341809a3,sans nom,0,2,2,9,7,2,0,0,0,31,2,50,0,0,0,5,5,16,0,6,0,5,0,1
4695,steam:11000013a0daf00,veste en cuir,0,75,3,50,2,2,0,0,0,4,0,52,0,0,0,5,0,17,0,38,0,33,0,1
4696,steam:1100001136b77e4,Petit braqo,0,15,0,4,0,2,0,0,0,15,0,53,0,0,0,6,0,96,0,50,0,33,0,1
4697,steam:110000104253d7d,patron,0,15,0,31,2,25,0,0,0,13,0,115,0,0,0,5,9,22,0,49,2,15,0,1
4699,steam:110000109ec620b,jean,0,75,3,4,0,12,0,0,0,49,0,50,0,0,0,5,7,1,0,70,0,4,0,1
4700,steam:11000011219f1f6,civil1,0,6,0,110,5,79,15,0,15,0,0,44,1,0,0,6,0,14,0,73,1,1,0,1
4701,steam:11000011d38fffb,Cost deco noir,0,11,2,10,0,10,0,0,0,0,0,1,1,0,0,6,0,4,0,4,0,3,0,1
4703,steam:1100001025ffefb,Mafia blanc,0,4,0,20,2,15,1,0,1,25,5,7,1,0,0,13,0,1,0,77,0,9,0,1
4707,steam:11000010b731831,Bleu ciel,0,29,0,7,0,8,4,0,4,0,0,52,0,0,0,6,0,1,0,14,0,3,0,1
4708,steam:11000010b731831,op,0,15,0,10,0,24,0,0,0,0,0,52,0,0,0,6,0,1,0,50,0,3,0,1
4709,steam:11000010b73f2d7,Furtif,0,15,0,10,0,24,0,0,0,4,2,51,0,0,0,6,0,1,0,50,0,1,0,1
4710,steam:11000010d4829db,Tenue police moto ,0,2,2,32,1,25,0,0,0,6,0,48,0,0,0,7,0,33,0,17,3,1,0,1
4711,steam:110000116d4ec41,hehe,0,100,0,26,0,25,0,0,0,4,0,103,15,0,0,24,0,18,0,86,0,33,0,1
4712,steam:110000111c08af1,wsh zgeg,0,3,23,26,0,28,1,0,1,0,0,1,1,0,0,6,0,2,0,86,0,33,0,1
4713,steam:11000011d38fffb,MMA,0,15,8,2,11,32,8,0,8,0,0,1,1,0,0,6,0,62,1,15,0,3,0,1
4714,steam:110000103c68da2,sans nom,0,2,5,26,0,8,0,0,0,0,0,56,4,0,0,6,0,1,0,184,1,34,0,1
4717,steam:11000013ae420fb,Classe 1,0,4,0,20,0,10,0,0,0,24,0,25,1,0,0,3,0,17,2,4,0,33,0,1
4718,steam:110000133315eb4,MORTARD,0,15,0,92,4,78,1,0,1,31,2,51,0,0,0,6,0,33,0,111,3,3,0,1
4719,steam:110000119d3fd00,Alex 1,0,22,0,19,0,40,8,0,8,0,0,83,0,0,0,5,2,14,0,11,1,3,0,1
4721,steam:110000117b9590f,Tenu comandot,0,15,0,33,0,25,0,0,0,0,0,84,0,0,0,5,0,17,0,50,0,11,0,1
4723,steam:110000119d3fd00,Alex 2,0,88,0,26,6,12,3,0,3,0,0,83,0,0,0,18,2,11,0,43,0,32,0,1
4724,steam:11000010ec943a8,cAMOUFLAGE,0,15,0,100,9,12,15,0,15,4,0,120,14,0,0,19,2,15,0,191,16,1,0,1
4725,steam:110000112d6a726,MALF STREET POLAIRE ROUGE,0,15,0,28,1,2,0,0,0,0,0,50,0,0,0,18,10,18,0,220,24,36,0,1
4727,steam:110000119d3fd00,Alex 3,0,88,0,97,1,25,0,0,0,0,0,83,0,0,0,2,4,11,0,57,0,32,0,1
4729,steam:11000010652eb72,tenue blanche,0,15,4,10,7,20,3,0,3,14,0,12,1,0,0,5,5,4,0,3,0,2,0,1
4732,steam:11000010b73f2d7,Drogue 1,0,5,0,35,0,1,0,0,0,4,2,51,0,0,0,6,0,1,0,86,0,1,0,1
4734,steam:110000109ec620b,Cuir,0,75,3,4,0,12,0,0,0,49,0,50,0,0,0,5,7,1,0,38,2,4,0,1
4735,steam:110000109ec620b,Veste,0,15,3,4,0,12,0,0,0,49,0,50,0,0,0,5,7,6,0,113,1,4,0,1
4736,steam:11000013582f618,nsm,0,15,0,33,0,9,2,0,2,0,0,7,2,0,0,5,4,4,0,14,11,4,0,1
4737,steam:11000010d4829db,Tenue police avec kepi,0,1,0,4,0,2,0,0,0,6,0,46,0,0,0,7,0,1,0,38,0,1,0,1
4739,steam:11000010af960df,BASE,0,15,0,52,3,12,0,0,0,13,0,21,0,0,0,6,0,6,0,57,0,4,0,1
4740,steam:11000010458eef2,Chill moto,0,76,1,4,0,32,0,0,0,4,0,51,0,0,0,7,3,20,0,62,0,1,0,1
4741,steam:1100001174b9ee3,sans nom,0,12,4,10,2,4,2,0,2,18,3,11,2,0,0,5,10,1,0,23,2,33,0,1
4742,steam:11000011219f1f6,Civil3,0,6,0,8,4,15,3,0,3,0,0,1,1,0,0,6,0,29,0,247,0,1,0,1
4743,steam:11000010b76cde0,styleeeee,0,15,0,9,0,31,0,0,0,4,0,120,0,0,0,6,0,1,0,113,0,33,0,1
4744,steam:11000010b76cde0,brako,0,15,0,41,0,2,0,0,0,56,0,120,0,0,0,6,0,17,0,139,0,33,0,1
4745,steam:1100001174b9ee3,sans nom,0,8,1,7,2,6,0,0,0,0,0,77,5,0,0,7,0,1,0,167,3,33,0,1
4747,steam:1100001146c154e,Tenue SWAT,0,131,0,31,2,27,0,0,0,1,0,75,0,0,0,6,0,16,0,111,3,33,0,1
4748,steam:110000131d714e0,BG,0,75,0,4,0,7,0,0,0,17,0,50,0,0,0,25,2,33,0,4,0,1,0,1
4750,steam:110000131d714e0,SHADOW,0,15,0,49,0,71,21,0,21,17,0,50,0,0,0,25,2,16,0,50,4,1,0,1
4751,steam:11000013ae420fb,sans nom,0,16,0,9,13,25,0,0,0,31,2,50,0,0,0,3,5,17,0,50,0,33,0,1
4752,steam:11000013ae420fb,Braque 2,0,16,0,9,13,25,0,0,0,31,2,50,0,0,0,3,5,17,0,50,0,33,0,1
4753,steam:110000118a1b0cb,Opé,0,45,1,26,0,56,1,0,1,0,0,51,0,0,0,6,0,96,0,50,0,1,0,1
4754,steam:11000011d38fffb,Cowboy,0,15,0,4,4,44,8,0,8,0,0,30,0,0,0,6,0,11,0,13,11,3,0,1
4755,steam:1100001043b8c2a,black,0,21,0,13,0,10,0,0,0,9,0,95,4,0,0,8,3,37,0,72,2,33,0,1
4756,steam:11000011473017d,Organisation,0,15,0,25,0,25,0,0,0,112,2,115,0,0,0,5,5,33,0,50,0,2,0,1
4757,steam:11000011125db40,SHADOW COMBAT,0,15,0,9,13,51,0,0,0,4,0,51,0,0,0,7,0,1,0,50,2,2,0,1
4758,steam:1100001060dfa98,Jaune/Noir II,0,29,1,9,8,1,4,0,4,4,0,112,23,0,0,15,0,4,0,7,15,1,0,1
4759,steam:11000013a0daf00,Barrios classe,0,75,2,24,0,21,0,0,0,4,0,11,0,0,0,18,2,8,0,106,0,33,0,1
4760,steam:11000010e39a605,timberland,0,76,0,4,1,57,3,0,3,7,0,51,0,0,0,10,4,1,0,230,9,6,0,1
4761,steam:110000117b9590f,Tenu police,0,15,0,28,0,10,0,0,0,0,0,5,0,0,0,5,0,33,0,111,0,11,0,1
4762,steam:1100001147d293f,BIKER,0,10,2,9,0,24,0,0,0,50,0,83,6,0,0,17,0,20,0,172,3,34,0,1
4766,steam:110000111437656,Gilet,0,131,0,4,0,1,14,0,14,4,0,77,7,0,0,5,0,22,0,134,0,1,0,1
4768,steam:11000011566da92,Style,0,15,0,24,1,1,2,0,2,0,0,50,0,0,0,3,4,16,0,78,7,3,0,1
4769,steam:11000010bb3efc1,chic,0,75,3,24,1,40,9,0,9,0,0,51,0,0,0,7,0,4,0,72,2,3,0,1
4770,steam:11000010ec943a8,Braquo,0,15,0,97,23,12,6,0,6,4,0,115,0,0,0,19,2,1,0,53,0,1,0,1
4771,steam:11000010b731831,vert chemise careau casquette,0,15,0,22,0,14,2,0,2,0,0,54,0,0,0,6,0,1,0,14,4,3,0,1
4772,steam:11000011566da92,Style 2,0,15,0,24,1,1,2,0,2,0,0,14,1,0,0,5,0,16,0,12,7,3,0,1
4773,steam:11000011566da92,CHIC,0,15,0,24,1,10,0,0,0,22,1,3,1,0,0,5,0,16,0,3,10,3,0,1
4774,steam:110000111437656,Braquo,0,131,0,4,0,1,14,0,14,4,0,16,6,0,0,5,0,33,0,89,0,1,0,1
4775,steam:11000011473017d,Sportif,0,15,0,42,0,32,5,0,5,4,0,80,7,0,0,5,5,19,0,282,10,2,0,1
4776,steam:11000011566da92,CHIC 2,0,3,0,24,1,10,0,0,0,4,1,11,1,0,0,5,0,16,0,4,14,3,0,1
4777,steam:11000010b731831,Homme d'affaire violet,0,13,4,10,2,4,1,0,1,0,0,7,3,0,0,3,0,17,2,23,2,3,0,1
4778,steam:11000011566da92,OP,0,15,0,4,0,7,2,0,2,4,1,2,1,0,0,6,0,17,0,50,2,3,0,1
4779,steam:11000011566da92,CHIC 3,0,3,0,24,1,20,5,0,5,4,1,11,1,0,0,6,0,17,0,20,2,3,0,1
4780,steam:11000010b731831,tenue de plage,0,20,4,12,7,5,2,0,2,0,0,6,6,0,0,8,2,2,0,135,2,3,0,1
4781,steam:11000011219f1f6,civil7,0,6,0,14,1,15,1,0,1,11,0,1,1,0,0,5,0,24,1,168,3,1,0,1
4782,steam:11000010b73f2d7,Random 1,0,15,0,7,0,8,0,0,0,4,2,51,0,0,0,6,0,11,0,13,0,1,0,1
4783,steam:11000010b73f2d7,Random 2,0,12,4,24,1,3,0,0,0,4,2,51,0,0,0,6,0,1,0,4,3,1,0,1
4784,steam:1100001136b77e4,tenue barrios classe ,0,27,0,24,6,20,0,0,0,15,0,51,0,0,0,6,0,1,0,77,1,33,0,1
4785,steam:11000010b613f7a,Sale 2,0,15,0,97,25,25,0,0,0,1,0,65,0,0,0,5,0,17,0,251,25,33,0,1
4786,steam:1100001166805e6,sans nom,0,75,0,13,0,51,0,0,0,0,0,50,0,0,0,8,0,1,0,86,0,1,0,1
4787,steam:1100001147d293f,BRACKO,0,38,0,9,7,24,0,0,0,5,0,39,2,0,0,17,0,20,0,53,0,34,0,1
4789,steam:1100001060dfa98,BLANc,0,25,8,27,3,1,12,0,12,4,0,7,0,0,0,3,0,18,3,4,5,1,0,1
4790,steam:1100001360b192d,cowboy,0,11,0,7,1,38,0,0,0,4,0,30,0,0,0,7,0,2,0,70,0,33,0,1
4791,steam:1100001101366d8,Blanche,0,15,0,26,6,42,2,0,2,15,0,58,2,0,0,5,0,11,0,234,4,33,0,1
4793,steam:11000011566da92,STYLEEEEEE,0,15,0,4,0,10,0,0,0,22,1,3,1,0,0,5,0,16,0,3,0,3,0,1
4795,steam:11000010975162b,Soirée Blanche,0,1,0,1,6,7,0,0,0,0,0,1,1,0,0,8,10,4,0,4,5,1,0,1
4796,steam:1100001043b8c2a,BEIGE,0,96,10,48,4,20,9,0,9,10,0,1,1,0,0,6,0,4,0,76,0,33,0,1
4797,steam:11000010458eef2,Bobo,0,76,1,33,0,25,0,0,0,112,0,5,0,0,0,7,0,19,0,73,3,1,0,1
4799,steam:11000010975162b,Civile,0,76,1,7,8,2,0,0,0,0,0,1,1,0,0,5,5,96,0,169,1,2,0,1
4800,steam:110000101fd385f,Civile,0,11,0,4,0,1,0,0,0,9,0,11,0,0,0,6,0,1,0,86,0,33,0,1
4801,steam:11000010ce5670a,Tenue Blanche,0,15,0,6,0,6,0,0,0,4,0,58,1,0,0,6,0,5,0,5,0,33,0,1
4802,steam:11000011219f1f6,civilwhite,0,6,0,11,15,44,3,0,3,11,0,1,1,0,0,6,0,15,0,170,3,1,0,1
4803,steam:1100001360b192d,blanche,0,11,0,20,0,7,0,0,0,4,0,30,0,0,0,7,0,2,0,2,0,33,0,1
4804,steam:11000010cf21bae,lol,0,0,0,8,0,1,0,0,0,0,0,1,1,0,0,6,0,2,0,7,2,1,0,1
4805,steam:11000011813a65a,eeee,0,0,0,8,0,1,0,0,0,0,0,1,1,0,0,6,0,2,0,7,2,1,0,1
4806,steam:11000011813a65a,sans nom,0,0,0,8,0,1,0,0,0,0,0,1,1,0,0,6,0,2,0,7,2,1,0,1
4807,steam:11000010e39a605,costard,0,31,0,24,0,10,0,0,0,25,2,51,0,0,0,10,4,1,0,28,0,6,0,1
4809,steam:11000010ec943a8,Boeee,0,15,0,16,0,1,1,0,1,4,0,120,14,0,0,3,1,15,0,90,0,1,0,1
4810,steam:11000010b257802,moto,0,15,0,77,5,55,5,0,5,112,2,91,5,0,0,7,3,30,0,178,5,2,0,1
4811,steam:11000011312a184,Tenue civil  classic,0,72,3,24,0,26,1,0,1,0,0,7,2,0,0,8,6,4,0,70,1,33,0,1
4813,steam:11000010add0bd8,dRAGON,0,15,0,4,0,2,0,0,0,72,0,4,0,0,0,21,0,4,0,107,1,10,0,1
4814,steam:110000109ec620b,Tshirt,0,15,0,4,0,12,0,0,0,49,0,83,0,0,0,5,7,11,0,82,0,4,0,1
4815,steam:110000131d714e0,BOGOSS,0,76,0,10,0,2,0,0,0,17,0,50,0,0,0,25,2,33,0,62,0,1,0,1
4816,steam:11000010d4829db,Tenue quotidienne (plus chic),0,3,0,4,0,2,0,0,0,4,0,53,0,0,0,7,0,31,0,142,0,1,0,1
4817,steam:110000115cde636,blanc,0,11,0,24,5,20,3,0,3,0,0,53,0,0,0,6,0,4,0,23,3,1,0,1
4818,steam:11000010e39a605,burnout,0,15,0,52,1,25,0,0,0,7,0,51,0,0,0,10,4,17,0,50,0,6,0,1
4819,steam:110000110a93662,Rue 6,0,2,2,4,0,2,0,0,0,4,0,51,0,0,0,5,1,18,0,168,1,2,0,1
4820,steam:11000010e79ebc5,Braquage,0,131,0,97,3,70,3,0,3,1,0,52,0,0,0,5,1,28,0,50,0,15,0,1
4821,steam:110000109b19569,Costum direction 1,0,31,0,24,0,43,0,0,0,38,0,51,0,0,0,5,0,4,0,23,0,2,0,1
4822,steam:1100001174b9ee3,SWAT,0,131,0,31,0,27,0,0,0,1,0,75,0,0,0,7,0,16,0,53,0,33,0,1
4823,steam:110000109b19569,Costum direction 2,0,25,11,28,0,65,4,0,4,4,0,51,0,0,0,5,0,4,0,4,0,2,0,1
4824,steam:110000109b19569,ça va faire mal,0,141,1,52,1,50,0,0,0,4,0,70,0,0,0,5,0,4,0,163,0,2,0,1
4826,steam:11000010e694487,Opé,0,75,3,26,0,24,0,0,0,4,0,10,1,0,0,25,4,33,0,50,0,6,0,1
4830,steam:110000112906c82,Braq,0,15,0,4,0,2,0,0,0,0,0,50,0,0,0,6,0,38,0,53,0,9,0,1
4831,steam:110000102cbdfd2,ORANGESAFT,0,76,0,3,0,28,1,0,1,0,0,51,0,0,0,10,5,28,0,240,4,20,0,1
4833,steam:110000111b7f3d4,Chill,0,21,0,28,0,31,0,0,0,0,0,53,0,0,0,6,0,12,0,4,0,1,0,1
4834,steam:11000011219f1f6,Yaune9,0,8,1,106,2,32,4,0,4,0,0,55,23,0,0,18,6,21,0,230,20,1,0,1
4835,steam:110000111b7f3d4,Illégal,0,5,0,4,0,31,0,0,0,0,0,53,0,0,0,6,0,12,0,251,0,1,0,1
4836,steam:11000010b731831,tenue noir chemise affaire,0,10,2,10,0,10,0,0,0,0,0,52,0,0,0,6,0,4,0,4,0,3,0,1
4838,steam:11000010e39a605,gris,0,15,0,4,2,7,1,0,1,7,0,52,0,0,0,10,4,1,0,12,1,6,0,1
4841,steam:11000011473017d,bizarre,0,15,0,8,4,1,1,0,1,49,1,106,3,0,0,6,0,2,0,78,15,1,0,1
4842,steam:110000111b7f3d4,Illegal 2.0,0,5,0,4,0,2,0,0,0,0,0,53,0,0,0,6,0,12,0,6,0,1,0,1
4844,steam:1100001352c63bb,yoyo,0,0,0,8,0,1,0,0,0,0,0,1,1,0,0,6,0,18,0,77,0,1,0,1
4845,steam:11000010dbec0f1,Normal.,0,15,2,24,0,1,0,0,0,4,0,5,0,0,0,13,0,4,0,3,2,33,0,1
4846,steam:11000010ec943a8,Sicario,0,15,0,41,0,12,6,0,6,0,0,53,0,0,0,8,0,35,0,50,0,1,0,1
4848,steam:110000102cbdfd2,COOOL,0,15,0,3,2,28,3,0,3,0,0,51,0,0,0,10,5,28,0,191,20,20,0,1
4850,steam:110000110da8056,Bikers cool,0,45,0,4,2,1,0,0,0,14,0,45,1,0,0,6,0,14,0,70,0,31,0,1
4853,steam:11000011d38fffb,Moto Noir,0,15,2,4,0,25,0,0,0,0,0,50,0,0,0,6,0,17,0,61,3,3,0,1
4854,steam:110000110da8056,bikers,0,1,8,4,2,1,9,0,9,15,0,51,0,0,0,6,0,22,0,172,2,31,0,1
4855,steam:1100001170bb65e,PP,0,15,0,27,3,1,0,0,0,0,0,50,0,0,0,5,0,1,0,78,9,6,0,1
4856,steam:110000111944510,test moto,0,14,0,44,2,27,0,0,0,0,0,68,0,0,0,6,0,18,0,110,6,1,0,1
4859,steam:1100001352c63bb,hi,0,73,0,8,0,10,0,0,0,3,0,1,1,0,0,11,0,71,0,43,0,23,0,1
4860,steam:1100001101366d8,flic,0,15,0,9,7,25,0,0,0,6,0,1,0,0,0,5,0,1,0,19,0,33,0,1
4861,steam:11000013995049c,tenue plage ,0,15,0,80,4,1,15,0,15,4,0,1,1,0,0,5,1,15,0,15,0,4,0,1
4863,steam:110000104ac11a0,FULL BLACK,0,15,0,4,0,12,0,0,0,13,0,51,0,0,0,3,0,17,0,50,0,33,0,1
4864,steam:11000010ec943a8,Sicariovrai,0,15,0,4,0,12,6,0,6,50,0,53,0,0,0,8,0,35,0,50,0,1,0,1
4865,steam:11000010e39a605,veste,0,11,0,26,4,15,5,0,5,7,0,52,0,0,0,10,4,1,0,72,0,6,0,1
4866,steam:110000104219a0a,marabout,0,75,0,51,0,20,0,0,0,4,0,114,0,0,0,5,0,1,0,104,0,4,0,1
4867,steam:110000104219a0a,braquo,0,75,0,73,0,2,0,0,0,0,0,115,0,0,0,5,0,17,0,163,0,9,0,1
4868,steam:11000010be0c000,BRAKOOOOOOOO,0,75,0,24,0,20,0,0,0,104,0,11,0,0,0,19,0,104,6,62,0,16,0,1
4870,steam:1100001364e54ba,sans nom,0,9,0,20,0,8,0,0,0,4,0,50,0,0,0,19,0,1,0,7,0,16,0,1
4871,steam:1100001364e54ba,sans nom,0,9,0,20,0,8,0,0,0,4,0,50,0,0,0,19,0,1,0,7,0,16,0,1
4872,steam:110000104ac11a0,Cassos rouge,0,15,0,8,0,6,0,0,0,13,0,22,0,0,0,23,0,17,0,79,0,33,0,1
4873,steam:110000104ac11a0,cool vert ,0,2,0,4,0,8,0,0,0,13,0,77,0,0,0,3,0,17,0,37,0,33,0,1
4874,steam:11000010b257802,moto diana,0,75,1,4,0,50,1,0,1,112,2,53,0,0,0,7,0,19,0,181,0,2,0,1
4875,steam:110000102f603cc,motarde rouge,0,5,0,43,4,1,1,0,1,2,0,49,0,0,0,13,0,1,0,110,4,15,0,1
4877,steam:1100001176ae4df,noir,0,1,1,9,13,24,0,0,0,57,0,51,0,0,0,7,0,17,0,7,2,3,0,1
4878,steam:11000010b613f7a,Sale avec Casque ,0,15,0,97,25,25,0,0,0,1,0,115,21,0,0,5,0,17,0,251,25,33,0,1
4879,steam:11000013a0daf00,tenue de run,0,15,0,9,0,12,6,0,6,112,2,52,0,0,0,5,0,16,0,49,4,33,0,1
4880,steam:11000011515a904,Normal,0,2,4,4,0,1,0,0,0,0,0,1,1,0,0,5,0,1,0,69,1,4,0,1
4882,steam:110000112136a70,Civil,0,75,3,24,0,7,0,0,0,2,0,11,0,0,0,3,0,21,0,70,0,1,0,1
4887,steam:110000108eb4349,Rouge,0,76,0,19,0,12,0,0,0,0,0,1,1,0,0,5,0,2,0,167,0,1,0,1
4888,steam:110000109ec620b,Vest noir,0,74,3,4,0,12,0,0,0,49,0,50,0,0,0,5,7,6,0,232,4,4,0,1
4889,steam:110000102e1bfb8,sans nom,0,0,0,8,0,1,0,0,0,0,0,1,1,0,0,6,0,2,0,7,2,1,0,1
4890,steam:110000108eb4349,Bleu,0,76,0,3,3,12,0,0,0,0,0,1,1,0,0,5,0,2,0,167,2,1,0,1
4896,steam:11000010da84541,Clean,0,10,0,24,0,23,6,0,6,10,1,77,10,0,0,20,6,1,0,10,0,33,0,1
4897,steam:110000112136a70,Braquage,0,15,0,33,0,60,0,0,0,7,0,51,0,0,0,3,0,17,0,220,20,1,0,1
4898,steam:11000010da84541,salle,0,73,3,77,10,2,0,0,0,112,2,51,0,0,0,25,3,17,0,50,0,33,0,1
4901,steam:110000102682208,SWAT,0,131,1,31,0,27,0,0,0,1,0,75,0,0,0,6,0,16,0,111,0,1,0,1
4904,steam:11000011219f1f6,yaune10,0,8,1,74,5,32,4,0,4,0,0,44,6,0,0,18,6,24,0,74,0,1,0,1
4905,steam:110000113433f40,Tenue Ville II,0,6,2,28,0,57,10,0,10,25,10,1,1,0,0,5,0,11,0,11,0,33,0,1
4907,steam:11000010ec943a8,Faisbelec,0,15,0,87,4,12,0,0,0,4,0,45,1,0,0,24,0,15,0,212,4,1,0,1
4908,steam:11000010add0bd8,Chinoise Noire,0,15,0,4,0,1,2,0,2,15,0,7,2,0,0,6,0,4,0,107,1,12,0,1
4909,steam:110000103128f79,John Wick,0,21,0,24,0,10,0,0,0,38,0,14,7,0,0,6,0,33,0,59,2,2,0,1
4910,steam:11000010add0bd8,Tenue GANG Sale Noire,0,21,0,10,0,10,0,0,0,16,0,12,0,0,0,5,5,25,0,72,2,12,0,1
4911,steam:110000108269103,kimono,0,15,0,105,1,40,8,0,8,0,0,1,1,0,0,6,0,1,0,107,2,1,0,1
4912,steam:110000105bff9aa,Punisher,0,131,0,59,0,24,0,0,0,112,2,63,9,0,0,17,6,17,0,243,0,3,0,1
4914,steam:11000010426d2c2,Civil,0,21,0,28,0,10,0,0,0,113,0,53,0,0,0,5,0,4,0,142,0,2,0,1
4915,steam:11000010426d2c2,Simba,0,21,0,73,0,25,0,0,0,6,0,51,0,0,0,5,0,17,0,166,0,2,0,1
4916,steam:110000139cea013,barman,0,0,0,8,0,1,0,0,0,0,0,1,1,0,0,6,0,2,0,7,2,1,0,1
4917,steam:110000139714d27,goldeneye,0,15,0,9,7,25,0,0,0,0,0,1,1,0,0,3,9,4,0,61,3,2,0,1
4918,steam:1100001176ae4df,Normal 1.2,0,9,2,7,12,9,2,0,2,4,0,44,20,0,0,7,0,1,0,62,0,3,0,1
4919,steam:11000010e694487,Brinks,0,131,0,52,3,25,0,0,0,1,0,10,5,0,0,23,0,14,0,50,0,34,0,1
4920,steam:11000010662944c,Veste blanche jean,0,115,1,4,1,32,4,0,4,16,0,61,9,0,0,18,2,4,0,122,8,15,0,1
4921,steam:11000010662944c,costard blanc,0,10,5,10,7,20,7,0,7,21,9,12,1,0,0,3,4,4,0,23,3,15,0,1
4922,steam:11000010662944c,costard bleu,0,10,6,22,3,36,1,0,1,21,9,61,5,0,0,3,4,4,0,4,1,15,0,1
4923,steam:11000010662944c,jean,0,23,1,7,0,7,0,0,0,1,3,7,3,0,0,3,4,2,0,70,0,15,0,1
4924,steam:11000010662944c,Buisness,0,15,0,59,0,25,0,0,0,6,0,5,0,0,0,13,0,17,0,61,3,15,0,1
4925,steam:11000010dbec0f1,Survet,0,15,0,64,8,31,1,0,1,49,0,3,1,0,0,2,0,15,0,15,0,33,0,1
4927,steam:110000112136a70,Civil #2,0,7,11,24,0,10,0,0,0,4,0,11,0,0,0,5,0,19,0,11,14,1,0,1
4929,steam:110000113621e9f,Tenu classe,0,21,0,4,0,10,0,0,0,14,0,12,0,0,0,7,0,17,0,28,0,5,0,1
4930,steam:11000010a4f9838,outfit lifestyle,0,75,5,24,0,26,1,0,1,0,0,44,1,0,0,8,7,25,0,70,1,30,0,1
4931,steam:110000102682208,Veste cuir,0,21,0,10,0,10,0,0,0,14,0,12,0,0,0,6,0,17,0,38,0,1,0,1
4934,steam:110000131d714e0,Costume,0,4,0,10,0,7,0,0,0,24,0,50,0,0,0,25,2,35,0,4,0,13,0,1
4935,steam:110000107d06ccb,Casual,0,1,0,4,0,1,0,0,0,0,0,1,1,0,0,8,0,11,0,42,0,2,0,1
4936,steam:1100001170bb65e,Uber,0,3,0,10,0,10,0,0,0,0,0,7,2,0,0,5,0,1,0,10,0,6,0,1
4938,steam:1100001028a971d,sale tigrou,0,15,0,26,0,2,0,0,0,31,2,115,10,0,0,7,0,1,0,61,3,30,0,1
4939,steam:110000102ac044a,Cuir / casque / gants,0,2,2,1,1,1,0,0,0,0,0,91,10,0,0,6,0,31,0,6,0,2,0,1
4940,steam:11000010c903d1a,Normal,0,15,0,8,0,1,0,0,0,0,0,1,1,0,0,6,0,14,0,134,0,1,0,1
4941,steam:110000107d06ccb,Classe,0,4,0,24,0,10,0,0,0,23,12,53,0,0,0,10,0,11,0,72,2,2,0,1
4942,steam:11000010c903d1a,Ville,0,21,0,24,0,10,0,0,0,0,0,1,1,0,0,6,0,4,0,4,0,1,0,1
4945,steam:110000119e67904,Bg,0,21,0,10,7,20,7,0,7,0,0,1,1,0,0,7,0,2,0,23,3,1,0,1
4946,steam:110000107d06ccb,Opération,0,15,0,52,1,25,0,0,0,112,2,53,0,0,0,10,0,17,0,53,0,2,0,1
4947,steam:11000010c903d1a,Mission,0,15,0,33,0,25,0,0,0,112,2,50,0,0,0,6,0,17,0,61,3,1,0,1
4949,steam:110000109ec620b,Par ball,0,131,0,4,0,12,3,0,3,49,0,53,0,0,0,5,7,11,0,234,8,4,0,1
4950,steam:11000010c4bcdc8,Julio,0,15,0,26,0,9,2,0,2,77,1,58,2,0,0,2,0,15,0,15,0,2,0,1
4952,steam:11000010ce5670a,Jaunev2,0,13,8,4,2,28,0,0,0,98,0,66,0,0,0,10,5,11,0,240,1,33,0,1
4953,steam:110000112906c82,Pro,0,21,0,24,0,10,0,0,0,0,0,50,0,0,0,6,0,33,0,142,1,9,0,1
4954,steam:11000011312a184,Barrios + casque,0,15,0,33,0,9,0,0,0,0,0,50,0,0,0,6,0,6,0,141,5,33,0,1
4955,steam:11000010b82dd62,torsenu,0,15,0,78,0,31,1,0,1,22,9,45,6,0,0,18,7,15,0,15,0,14,0,1
4956,steam:1100001060dfa98,JAUNE D'OEUF,0,6,15,9,8,26,7,0,7,4,0,96,7,0,0,15,0,81,0,207,5,1,0,1
4958,steam:1100001028a971d,new jaune,0,15,0,4,0,31,4,0,4,4,0,77,4,0,0,6,0,6,0,171,0,30,0,1
4959,steam:11000010a4f9838,intervention,0,15,0,24,0,12,6,0,6,0,0,51,0,0,0,4,2,107,9,220,20,30,0,1
4960,steam:11000010e39a605,blanc2,0,15,0,79,2,9,2,0,2,7,0,52,0,0,0,10,4,1,0,90,0,6,0,1
4961,steam:1100001136b77e4,tenu street,0,1,1,4,0,7,0,0,0,15,0,51,0,0,0,6,0,1,0,88,7,33,0,1
4962,steam:11000010e39a605,chauuuddd,0,76,0,79,2,9,2,0,2,15,2,51,0,0,0,10,4,17,0,88,7,6,0,1
4964,steam:11000010458eef2,Noire,0,15,0,59,0,25,0,0,0,112,2,115,0,0,0,7,0,17,0,50,0,1,0,1
4965,steam:1100001364e54ba,sale,0,9,0,5,0,8,0,0,0,4,0,50,0,0,0,19,0,1,0,88,7,16,0,1
4967,steam:11000010c903d1a,Moto,0,15,0,4,1,1,0,0,0,0,0,50,0,0,0,6,0,14,0,171,0,2,0,1
4968,steam:110000107d06ccb,Perm,0,1,1,4,0,8,2,0,2,4,1,51,0,0,0,8,0,11,0,230,2,2,0,1
4969,steam:11000010db6532f,sans nom,0,0,0,8,0,1,0,0,0,0,0,1,1,0,0,6,0,2,0,7,2,1,0,1
4970,steam:110000110a93662,Rue 10,0,15,0,4,0,2,0,0,0,15,0,51,0,0,0,5,1,59,0,13,2,2,0,1
4971,steam:110000110a93662,sans nom,0,15,0,4,0,2,0,0,0,53,0,51,0,0,0,5,1,52,0,9,1,2,0,1
4973,steam:11000010bf7dad4,BIKERS,0,2,2,76,0,24,0,0,0,4,0,14,1,0,0,5,0,1,0,161,2,1,0,1
4975,steam:110000109ec620b,chemise f,0,15,0,4,1,12,0,0,0,49,0,50,0,0,0,5,7,11,0,234,7,4,0,1
4978,steam:110000111944510,maillot,0,15,0,16,7,15,0,0,0,0,0,1,1,0,0,6,0,15,0,15,0,1,0,1
4979,steam:11000010c903d1a,Ville 2,0,21,0,24,0,10,0,0,0,0,0,50,0,0,0,6,0,4,0,4,0,2,0,1
4980,steam:11000010354d342,RUN,0,75,3,24,0,10,0,0,0,0,0,50,0,0,0,6,0,17,0,62,0,1,0,1
4981,steam:11000011219f1f6,civil11,0,8,1,74,5,32,4,0,4,0,0,44,6,0,0,18,6,24,0,223,21,1,0,1
4982,steam:11000010354d342,BARRIOS,0,15,0,3,2,4,2,0,2,0,0,50,0,0,0,6,0,17,0,86,2,1,0,1
4984,steam:110000102ac044a,Police Inter,0,15,0,33,0,25,0,0,0,1,0,28,1,0,0,6,0,17,0,19,0,2,0,1
4986,steam:11000011d1a9c32,sans nom,0,0,0,8,0,1,0,0,0,0,0,1,1,0,0,6,0,2,0,7,2,1,0,1
4987,steam:110000139cea013,braqueur,0,21,0,4,0,12,6,0,6,0,0,52,0,0,0,5,0,96,0,10,0,1,0,1
4988,steam:110000139cea013,bg,0,4,0,4,2,1,2,0,2,22,3,1,1,0,0,6,0,1,0,4,0,1,0,1
4990,steam:11000010d4829db,Tenue biker,0,2,2,1,1,24,0,0,0,4,0,14,1,0,0,5,5,20,0,161,0,1,0,1
4991,steam:110000108daaf64,Yakuza V2,0,4,0,71,0,15,0,0,0,4,0,12,0,0,0,8,6,1,0,4,0,1,0,1
4992,steam:11000010b76cde0,milit,0,15,0,9,14,31,0,0,0,4,0,120,0,0,0,6,0,30,0,2,2,33,0,1
4994,steam:1100001364e54ba,CHILL,0,21,0,7,12,8,0,0,0,4,0,50,0,0,0,19,0,1,0,6,0,16,0,1
4995,steam:110000133c4fb14,civil,0,82,3,4,0,28,3,0,3,0,0,45,0,0,0,5,0,35,0,167,0,1,0,1
4998,steam:110000133c4fb14,saaaaleee,0,15,0,24,0,10,0,0,0,0,0,45,0,0,0,5,0,17,0,111,3,1,0,1
4999,steam:11000010de82196,Bg,0,47,1,4,1,12,6,0,6,4,0,120,0,0,0,5,3,1,0,70,1,33,0,1
5002,steam:110000102cbdfd2,OKLMMMM,0,15,0,10,0,28,1,0,1,0,0,53,0,0,0,11,0,30,0,135,0,8,0,1
5003,steam:1100001060dfa98,sombre 2,0,2,2,33,0,24,0,0,0,112,2,71,0,0,0,24,2,17,0,69,0,1,0,1
5004,steam:1100001060dfa98,JAUNE BONNET ,0,15,0,9,8,22,3,0,3,57,0,2,1,0,0,24,1,29,0,15,0,1,0,1
5005,steam:110000111b7f3d4,Chill Gang,0,15,0,12,0,6,0,0,0,17,0,3,1,0,0,24,1,12,0,84,0,1,0,1
5006,steam:110000111b7f3d4,Intervention Gang,0,5,0,12,0,6,0,0,0,17,0,51,0,0,0,6,0,12,0,88,7,26,0,1
5007,steam:11000010dd2bd82,Chill,0,15,0,4,0,8,2,0,2,0,0,1,1,0,0,5,0,19,0,200,11,2,0,1
5008,steam:11000010652eb72,classe beret,0,6,0,24,0,10,0,0,0,14,0,106,20,0,0,5,5,19,0,11,1,2,0,1
5009,steam:1100001101366d8,Américain,0,15,0,29,1,7,0,0,0,50,1,55,23,0,0,5,0,15,0,45,0,33,0,1
5010,steam:11000011219f1f6,civilamericano,0,8,1,28,0,23,1,0,1,0,0,34,0,0,0,18,6,90,0,39,0,12,0,1
5011,steam:110000104ac11a0,classe cassos,0,4,0,7,0,18,0,0,0,11,0,4,0,0,0,3,0,17,0,4,0,33,0,1
5012,steam:11000011219f1f6,CIVILPLAGE2,0,3,0,17,5,5,1,0,1,0,0,22,1,0,0,11,0,15,0,18,5,12,0,1
5013,steam:1100001060dfa98,taxi deu,0,15,0,4,0,42,1,0,1,28,2,7,2,0,0,5,5,22,0,3,0,1,0,1
5015,steam:11000010524a606,braquo,0,15,0,33,0,25,0,0,0,9,0,115,0,0,0,6,0,17,0,50,0,2,0,1
5016,steam:1100001364e54ba,sans nom,0,9,0,5,0,8,0,0,0,4,0,50,0,0,0,19,0,1,0,88,7,16,0,1
5017,steam:110000109c549de,Cook,0,15,0,4,0,10,0,0,0,0,0,79,6,0,0,10,0,2,0,135,0,3,0,1
5019,steam:11000010662944c,Trql,0,107,9,26,6,12,10,0,10,7,0,103,9,0,0,8,1,4,0,89,0,35,0,1
5020,steam:11000010662944c,moto,0,107,9,77,10,60,0,0,0,14,0,51,0,0,0,8,1,165,10,148,3,35,0,1
5021,steam:11000010b76cde0,jsp,0,15,3,49,1,31,2,0,2,4,0,120,0,0,0,6,0,30,0,2,1,33,0,1
5022,steam:110000108da03af,Designer,0,75,0,53,0,53,0,0,0,123,0,11,0,0,0,20,0,54,0,170,0,29,0,1
5023,steam:11000010d4829db,tenue chic 2,0,21,0,4,0,51,0,0,0,4,0,95,8,0,0,5,5,4,0,4,0,1,0,1
5025,steam:110000103128f79,Cadet,0,21,0,24,0,10,0,0,0,38,0,14,7,0,0,6,0,33,0,59,2,2,0,1
5028,steam:110000139bbbce5,sale,0,9,0,40,0,9,0,0,0,4,0,51,0,0,0,8,0,74,0,90,0,20,0,1
5031,steam:11000011412a10f,S,0,32,0,23,0,7,0,0,0,0,0,1,1,0,0,6,0,2,0,70,0,1,0,1
5034,steam:1100001051b8bc6,sans nom,0,0,0,8,0,1,0,0,0,0,0,1,1,0,0,6,0,2,0,7,2,1,0,1
5035,steam:11000011412a10f,Noir,0,32,0,23,0,7,0,0,0,0,0,1,1,0,0,6,0,2,0,70,0,1,0,1
5038,steam:11000010add0bd8,ados,0,74,5,12,0,9,0,0,0,17,0,6,1,0,0,21,0,14,0,200,4,33,0,1
5039,steam:110000112d6a726,MALF COMBAT RAPPROCHER,0,15,1,98,3,3,4,0,4,0,0,113,21,0,0,13,3,1,0,220,21,3,0,1
5040,steam:110000108da03af,Designer Relax,0,75,0,26,0,54,0,0,0,87,0,11,0,0,0,19,0,22,0,189,0,29,0,1
5041,steam:110000139bbbce5,civil,0,9,0,4,0,9,0,0,0,4,0,51,0,0,0,8,0,20,0,70,0,20,0,1
5042,steam:11000010d63c71a,sans nom,0,15,0,4,0,2,0,0,0,4,0,66,0,0,0,8,0,1,0,12,2,3,0,1
5043,steam:110000107fa48a4,Blanc,0,15,0,59,0,7,0,0,0,0,0,52,0,0,0,6,0,1,0,263,2,1,0,1
5044,steam:110000139bbbce5,sale noir,0,21,0,4,0,9,0,0,0,4,0,51,0,0,0,8,0,20,0,62,0,20,0,1
5045,steam:11000010d63c71a,sans nom,0,15,0,4,0,2,0,0,0,4,0,66,0,0,0,8,0,1,0,12,2,3,0,1
5046,steam:110000102ac044a,Inter,0,15,0,33,0,25,0,0,0,112,2,50,0,0,0,6,0,17,0,61,3,2,0,1
5047,steam:110000118932b0c,class 1,0,22,0,28,1,11,15,0,15,24,1,7,1,0,0,5,1,6,0,21,2,20,4,1
5049,steam:11000011412a10f,bRA,0,18,0,4,0,7,0,0,0,0,0,1,1,0,0,18,0,19,0,34,0,1,0,1
5050,steam:1100001340f7ac8,rere,0,0,0,8,0,1,0,0,0,0,0,1,1,0,0,6,0,2,0,7,2,1,0,1
5053,steam:11000010d63c71a,sans nom,0,15,0,4,0,2,0,0,0,4,0,66,0,0,0,8,0,1,0,12,2,3,0,1
5054,steam:11000010d63c71a,sans nom,0,15,0,4,0,2,0,0,0,4,0,66,0,0,0,8,0,1,0,12,2,3,0,1
5055,steam:11000010d63c71a,95,0,15,0,4,0,2,0,0,0,4,0,66,0,0,0,8,0,1,0,12,2,3,0,1
5056,steam:1100001028a971d,new civil,0,11,0,4,0,3,4,0,4,40,2,7,2,0,0,7,0,4,0,23,1,33,0,1
5057,steam:11000011312a184,Intervention,0,15,0,10,0,4,1,0,1,0,0,52,0,0,0,6,0,96,0,61,3,33,0,1
5058,steam:110000107fa48a4,blanc chic,0,15,0,4,0,7,0,0,0,4,0,11,0,0,0,8,0,1,0,90,0,1,0,1
5059,steam:1100001178fb6e9,sans nom,0,0,0,8,0,1,0,0,0,0,0,1,1,0,0,6,0,2,0,7,2,1,0,1
5060,steam:1100001051b8bc6,Braquage,0,15,0,24,0,24,0,0,0,0,0,52,0,0,0,19,0,44,0,49,2,14,0,1
5061,steam:110000118932b0c,noir ,0,15,0,9,7,2,0,0,0,4,0,52,0,0,0,9,0,17,0,49,2,2,0,1
5062,steam:11000010bf20e69,2,0,21,0,4,0,15,0,0,0,0,0,52,0,0,0,6,0,2,0,166,0,1,0,1
5063,steam:11000010dcba879,El chapo ,0,21,0,4,0,28,0,0,0,18,0,12,0,0,0,5,0,17,0,20,0,1,0,1
5065,steam:1100001051b8bc6,Classe,0,21,0,28,15,10,0,0,0,22,4,25,1,0,0,10,0,8,0,72,2,14,0,1
5066,steam:11000013aca2345,UNIBENÉ,0,31,2,53,0,10,0,0,0,4,0,12,0,0,0,5,0,17,0,104,0,8,0,1
5067,steam:11000010be0c000,NOIRE,0,72,2,82,4,75,25,0,25,5,0,3,1,0,0,10,5,31,0,122,0,29,0,1
5068,steam:110000101c40f90,Civile 2,0,1,14,9,1,4,2,0,2,114,0,2,1,0,0,24,2,1,0,191,21,1,0,1
5072,steam:110000101c40f90,Ombre 3,0,10,0,20,0,20,3,0,3,18,0,115,25,0,0,7,0,33,0,23,3,1,0,1
5074,steam:110000102ac044a,Mecano 1,0,15,0,91,7,7,0,0,0,4,0,76,15,0,0,6,0,88,0,227,7,2,0,1
5075,steam:1100001051b8bc6,Travail pdg gerant,0,79,2,91,6,31,2,0,2,0,0,77,7,0,0,19,0,14,0,7,2,2,0,1
5076,steam:1100001161c9eb2,Mili blanche,0,22,4,87,3,24,0,0,0,1,0,115,3,0,0,24,2,17,0,247,9,2,0,1
5077,steam:110000101c40f90,Ombre 2,0,16,0,41,0,24,0,0,0,1,0,50,0,0,0,24,2,17,0,54,0,1,0,1
5078,steam:11000010add0bd8,dealer,0,15,0,33,0,25,0,0,0,15,0,6,1,0,0,21,0,17,0,49,2,33,0,1
5080,steam:11000011412a10f,Brun,0,11,0,4,2,12,0,0,0,0,0,1,1,0,0,18,0,4,0,70,6,1,0,1
5082,steam:11000013a0daf00,Dodgers débardeur,0,15,0,42,0,9,0,0,0,4,0,52,0,0,0,5,0,5,0,5,0,33,0,1
5083,steam:11000010662944c,moto2,0,15,0,94,5,25,0,0,0,14,0,51,0,0,0,5,0,165,10,243,5,35,0,1
5084,steam:11000010be0c000,Orange,0,8,1,26,0,75,2,0,2,17,0,20,3,0,0,19,1,22,0,261,6,29,0,1
5085,steam:110000110a93662,Rue OKL,0,5,2,4,0,2,0,0,0,53,0,51,0,0,0,5,1,57,0,70,1,2,0,1
5086,steam:110000109ec620b,Tshirt noir,0,15,0,4,0,12,0,0,0,49,0,53,0,0,0,5,7,11,0,193,10,4,0,1
5088,steam:110000102ac044a,Classe 1,0,31,2,10,0,10,0,0,0,0,0,51,0,0,0,6,0,33,0,4,0,2,0,1
5089,steam:110000116d4ec41,The Bleather,0,75,3,59,0,24,0,0,0,4,0,2,0,0,0,4,2,11,4,68,0,33,0,1
5090,steam:110000112906c82,Bike,0,21,0,26,0,2,0,0,0,0,0,50,0,0,0,6,0,33,0,62,0,9,0,1
5092,steam:1100001060dfa98,jaune moto,0,15,0,33,0,24,0,0,0,17,0,112,23,0,0,24,2,17,0,148,5,1,0,1
5093,steam:1100001060dfa98,moto 2,0,15,0,103,15,24,0,0,0,112,2,112,23,0,0,24,1,29,0,25,0,1,0,1
5094,steam:110000102cbdfd2,Doc,0,15,0,10,0,6,0,0,0,0,0,53,0,0,0,5,5,93,0,107,1,32,0,1
5099,steam:1100001073b1067,BurgerShot,0,15,0,4,2,32,5,0,5,15,0,64,3,0,0,18,2,6,0,281,1,33,0,1
5100,steam:11000010ce5670a,BALLAS,0,15,0,26,1,6,1,0,1,9,0,14,5,0,0,3,0,14,0,127,6,33,0,1
5101,steam:11000011d5588e2,Costard + veste,0,4,0,10,0,10,0,0,0,16,0,7,2,0,0,5,0,4,0,4,0,1,0,1
5102,steam:11000011d5588e2,Bleu,0,10,6,10,2,20,11,0,11,23,14,7,2,0,0,5,0,4,0,23,2,1,0,1
5103,steam:11000011d5588e2,polo,0,17,6,10,8,1,12,0,12,1,14,7,2,0,0,5,0,19,0,9,14,1,0,1
5104,steam:110000111e5ab30,1,0,2,2,11,1,3,0,0,0,6,0,114,0,0,0,6,0,1,0,78,0,1,0,1
5105,steam:11000010b76cde0,nnnnn,0,15,3,59,0,7,0,0,0,4,0,120,0,0,0,6,0,31,0,61,1,33,0,1
5106,steam:11000010b76cde0,mechant mechant,0,15,3,41,0,2,0,0,0,4,0,120,0,0,0,6,0,31,0,67,1,33,0,1
5108,steam:11000010b257802,STREET,0,140,17,26,6,4,0,0,0,4,0,103,10,0,0,5,1,15,0,206,10,2,0,1
5109,steam:1100001025ffefb,Ksk7,0,5,0,22,3,32,15,0,15,9,0,45,6,0,0,7,9,1,0,251,13,18,0,1
5110,steam:1100001051b8bc6,pecho salle,0,31,5,53,0,3,13,0,13,22,10,11,0,0,0,10,2,4,0,104,0,8,1,1
5111,steam:110000135ac5eac,Styleyyy,0,21,0,59,0,9,2,0,2,0,0,66,0,0,0,20,0,96,0,36,2,1,0,1
5112,steam:1100001025ffefb,Moto Brat,0,15,5,77,3,32,9,0,9,108,0,82,15,0,0,7,9,1,0,178,3,18,0,1
5115,steam:110000112b38f72,Gangsta,0,9,0,26,0,8,0,0,0,0,0,51,0,0,0,5,0,96,0,6,0,3,0,1
5116,steam:1100001360b192d,Noire,0,21,0,10,0,38,0,0,0,4,0,52,0,0,0,7,0,17,0,4,0,33,0,1
5117,steam:110000112d6a726,LA BIKELIFE,0,15,10,94,7,31,0,0,0,0,0,104,16,0,0,13,5,1,0,152,13,36,0,1
5118,steam:110000109ec620b,Chemise fermer,0,15,1,4,1,12,0,0,0,49,0,53,0,0,0,5,7,6,0,14,7,4,0,1
5120,steam:11000010990b883,sans nom,0,4,0,13,0,1,0,0,0,0,0,5,0,0,0,6,0,28,0,86,0,1,0,1
5121,steam:1100001060dfa98,111,0,15,5,15,3,1,11,0,11,13,0,16,6,0,0,24,0,29,1,170,1,1,0,1
5122,steam:110000108daaf64,sans nom,0,4,0,71,0,15,0,0,0,4,0,12,0,0,0,8,6,1,0,4,0,1,0,1
5123,steam:11000010add0bd8,sans nom,0,4,0,28,0,10,0,0,0,10,1,52,0,0,0,6,0,20,0,10,0,12,0,1
5124,steam:11000010add0bd8,costar styer,0,4,0,28,0,10,0,0,0,10,1,52,0,0,0,6,0,20,0,10,0,12,0,1
5125,steam:11000013661b881,Full Noir,0,4,0,28,0,10,0,0,0,10,1,52,0,0,0,6,0,20,0,10,0,3,0,1
5128,steam:1100001073d2b1d,sans nom,0,0,0,8,0,1,0,0,0,0,0,1,1,0,0,6,0,2,0,7,2,1,0,1
5129,steam:110000106738a70,ll,0,0,0,8,0,1,0,0,0,0,0,1,1,0,0,6,0,2,0,7,2,1,0,1
5131,steam:110000101c40f90,Civile,0,15,3,9,1,4,2,0,2,4,0,52,0,0,0,7,0,6,0,190,20,1,0,1
5132,steam:110000101c40f90,Costard 1,0,10,3,10,0,10,0,0,0,10,0,52,0,0,0,12,3,4,0,4,0,1,0,1
5135,steam:110000101c40f90,Civile 3,0,15,0,4,2,4,2,0,2,4,0,52,0,0,0,12,3,4,0,3,0,1,0,1
5136,steam:110000101c40f90,Compte,0,4,0,10,0,18,0,0,0,11,2,27,0,0,0,6,0,75,0,58,0,1,0,1
5137,steam:1100001060dfa98,brasseur ,0,59,0,1,5,1,11,0,11,13,0,16,6,0,0,24,0,20,0,41,0,1,0,1
5139,steam:11000010cdba662,sans nom,0,0,0,8,0,1,0,0,0,0,0,1,1,0,0,6,0,2,0,7,2,1,0,1
5140,steam:110000106738a70,cool,0,9,3,4,0,1,0,0,0,13,0,91,3,0,0,6,0,2,0,191,16,14,1,1
5142,steam:110000112d6a726,LA BIKELIFE ROUGE,0,15,10,94,19,31,2,0,2,0,0,104,16,0,0,13,5,1,0,152,10,36,0,1
5143,steam:110000112b38f72,Gilet Jean,0,10,0,4,0,8,0,0,0,0,0,51,0,0,0,5,0,1,0,7,0,3,0,1
5144,steam:11000011219f1f6,blue,0,60,0,74,5,79,0,0,0,7,1,1,1,0,0,6,0,25,0,270,2,1,0,1
5146,steam:11000011219f1f6,motardcivil ,0,60,1,106,4,84,1,0,1,0,0,83,9,0,0,6,0,32,0,167,1,12,0,1
5147,steam:11000013661b881,Tous Les Jours,0,10,0,49,1,21,0,0,0,38,10,52,0,0,0,6,0,19,0,142,0,3,0,1
5148,steam:110000102cbdfd2,LSPD MOTO MARI,0,39,0,35,0,51,0,0,0,0,0,17,1,0,0,5,4,20,0,111,0,1,0,1
5149,steam:11000011d5588e2,enterrement,0,10,2,10,3,10,0,0,0,10,1,12,0,0,0,5,0,4,0,4,0,1,0,1
5151,steam:11000011d5588e2,GOUV,0,10,0,13,0,10,0,0,0,10,1,12,0,0,0,5,0,4,0,4,0,1,0,1
5152,steam:11000011c0cc060,Tenue Enterrement,0,38,2,64,1,29,0,0,0,0,0,1,1,0,0,11,3,3,0,7,0,1,0,1
5153,steam:1100001045e4112,Civil,0,115,1,26,4,32,3,0,3,15,0,11,6,0,0,5,0,18,0,122,5,33,0,1
5154,steam:11000013bbd01a0,irlandais,0,15,0,58,0,41,0,0,0,6,0,1,1,0,0,6,0,17,0,50,0,1,0,1
5156,steam:11000011d5588e2,sans nom,0,1,6,5,4,7,1,0,1,7,0,12,0,0,0,5,0,1,0,7,4,1,0,1
5157,steam:11000011d5588e2,sport,0,1,6,5,4,7,1,0,1,7,0,12,0,0,0,5,0,1,0,7,4,1,0,1
5158,steam:11000011c0cc060,Tene Sport,0,7,6,2,1,4,0,0,0,0,0,1,1,0,0,11,3,4,0,5,7,1,0,1
5159,steam:1100001045e4112,Chic,0,95,1,10,0,20,7,0,7,38,0,61,4,0,0,5,0,17,0,20,0,33,0,1
5160,steam:11000010990b883,sans nom,0,4,0,13,0,1,0,0,0,0,0,5,0,0,0,6,0,28,0,86,0,1,0,1
5161,steam:110000112906c82,Basic,0,21,0,26,0,7,0,0,0,4,0,120,0,0,0,6,0,28,0,7,0,9,0,1
5163,steam:1100001025ffefb,Bratvaaaa classse,0,35,0,22,3,45,7,0,7,9,0,95,6,0,0,7,9,1,0,145,4,18,0,1
5166,steam:1100001073b1067,Burger Shot,0,15,0,4,0,32,5,0,5,15,0,12,1,0,0,18,2,6,0,281,1,33,0,1
5168,steam:110000110585d5c,drogue ou autre,0,15,0,26,0,9,0,0,0,0,0,52,0,0,0,7,0,4,0,50,0,1,0,1
5169,steam:11000010990b883,Chill,0,9,0,7,0,1,0,0,0,0,0,52,0,0,0,6,0,28,0,7,0,1,0,1
5170,steam:110000110585d5c,tenue de ville ,0,15,0,4,0,31,0,0,0,0,0,52,0,0,0,7,0,1,0,41,0,1,0,1
5171,steam:1100001360b192d,Polititien,0,11,0,7,0,10,0,0,0,4,0,30,0,0,0,7,0,2,0,59,0,33,0,1
5172,steam:1100001177d0ca0,taxi,0,0,0,8,0,1,0,0,0,0,0,1,1,0,0,6,0,2,0,7,2,1,0,1
5173,steam:1100001060dfa98,POWRANGER,0,15,0,33,0,24,0,0,0,17,0,115,2,0,0,24,1,17,0,148,5,1,0,1
5174,steam:11000010dd2bd82,Indic planque LSPD,0,18,0,26,0,27,0,0,0,125,0,120,0,0,0,5,0,16,0,139,3,2,0,1
5176,steam:11000010dd2bd82,SWAT LSPD,0,131,0,31,0,27,0,0,0,1,0,75,0,0,0,5,0,22,0,111,0,2,0,1
5177,steam:11000010b257802,ENTERREMENT,0,10,1,24,0,10,0,0,0,38,5,11,0,0,0,7,0,33,0,4,0,2,0,1
5178,steam:11000010b257802,discret bleu,0,15,0,4,0,12,6,0,6,4,0,11,0,0,0,7,0,33,0,3,7,2,0,1
5180,steam:110000104ea5d91,Costume + bagde USA + cravate,0,10,0,24,0,18,0,0,0,10,0,7,2,0,0,20,1,4,0,4,0,33,0,1
5182,steam:110000102f603cc,enterment costard,0,37,0,52,2,6,0,0,0,2,0,49,0,0,0,13,0,1,0,7,0,15,0,1
5183,steam:110000113433f40,Enterrement,0,11,2,28,0,57,10,0,10,117,9,1,1,0,0,5,0,4,0,10,0,33,0,1
5184,steam:11000010b257802,decontract1,0,15,0,4,0,15,0,0,0,12,5,58,2,0,0,7,0,33,0,3,1,2,0,1
5185,steam:110000109b19569,Costum noire serieux,0,4,0,10,0,10,0,0,0,25,2,51,0,0,0,5,0,4,0,4,0,2,0,1
5186,steam:1100001051b8bc6,Police intervention,0,2,0,33,0,24,0,0,0,1,0,28,1,0,0,19,0,17,0,19,0,14,0,1
5187,steam:11000013aca2345,CHEFOPÉ,0,15,0,9,13,12,3,0,3,112,2,51,0,0,0,5,0,17,0,53,0,8,0,1
5188,steam:110000112b38f72,Tenue Sale,0,15,0,9,13,12,3,0,3,112,2,51,0,0,0,5,0,17,0,50,0,3,0,1
5190,steam:11000010fec1998,sans nom,0,2,0,25,1,3,1,0,1,0,0,1,1,0,0,6,0,4,0,105,0,4,0,1
5191,steam:11000010fec1998,sans nom,0,2,0,25,1,3,1,0,1,0,0,1,1,0,0,6,0,4,0,105,0,4,0,1
5192,steam:11000011d5588e2,sans nom,0,16,0,46,0,27,0,0,0,125,0,12,0,0,0,5,0,19,0,29,0,1,0,1
5193,steam:11000011d5588e2,police patrouille,0,16,0,46,0,27,0,0,0,125,0,12,0,0,0,5,0,19,0,29,0,1,0,1
5194,steam:11000010b257802,moto blanc,0,15,0,32,1,30,0,0,0,112,2,62,8,0,0,7,4,38,0,224,2,2,0,1
5195,steam:11000011219f1f6,civilmotard,0,60,1,106,4,84,1,0,1,0,0,83,9,0,0,6,0,32,0,167,1,12,0,1
5196,steam:11000010bf7dad4,VICE-PRESIDENT,0,15,0,76,0,24,0,0,0,4,0,14,1,0,0,5,0,6,0,264,0,4,0,1
5199,steam:1100001073b1067,Aboubaka,0,4,0,4,0,31,2,0,2,15,0,58,2,0,0,18,2,1,0,136,6,33,0,1
5200,steam:110000135e1a203,tenue burger,0,15,0,4,0,2,0,0,0,0,0,51,0,0,0,18,3,6,0,281,1,33,0,1
5201,steam:1100001040759e7,Secte,0,75,1,13,0,10,0,0,0,122,0,27,0,0,0,10,0,44,0,108,5,10,0,1
5202,steam:1100001040759e7,bete,0,15,0,108,6,13,0,0,0,4,0,115,16,0,0,10,0,164,6,277,6,10,0,1
5204,steam:110000102cbdfd2,SWAT,0,131,0,31,0,27,0,0,0,1,0,75,0,0,0,11,0,16,0,111,0,8,0,1
5205,steam:110000112b38f72,Costard,0,3,0,35,0,10,0,0,0,4,0,51,0,0,0,5,0,1,0,28,0,3,0,1
5206,steam:11000010932a7fa,sans nom,0,3,0,28,0,10,0,0,0,4,0,27,0,0,0,19,0,1,0,4,0,33,0,1
5207,steam:11000010932a7fa,grandchapo,0,3,0,28,0,10,0,0,0,4,0,27,0,0,0,19,0,1,0,4,0,33,0,1
5209,steam:11000013ba2e71f,Jesus Chemise,0,15,0,9,1,51,0,0,0,17,0,15,1,0,0,5,5,12,0,12,5,3,0,1
5210,steam:11000011d5588e2,Cow Boy,0,24,0,7,0,38,1,0,1,112,0,30,0,0,0,5,0,1,0,38,0,1,0,1
5211,steam:110000135218513,dick,0,15,0,9,7,7,2,0,2,2,0,14,1,0,0,5,0,17,0,50,0,1,0,1
5212,steam:11000010652eb72,plage,0,15,0,14,1,34,0,0,0,14,0,77,9,0,0,5,5,15,0,15,0,2,0,1
5213,steam:1100001360b192d,Plage,0,15,0,54,0,5,0,0,0,4,0,30,0,0,0,7,0,15,0,15,0,33,0,1
5214,steam:11000010bf7dad4,Maillot,0,15,0,15,0,16,0,0,0,4,0,8,0,0,0,5,0,15,0,15,0,4,0,1
5215,steam:11000010dd2bd82,Chill Onne,0,28,3,4,2,4,0,0,0,4,0,1,1,0,0,5,0,6,0,62,0,2,0,1
5217,steam:11000011219f1f6,Oninoel,0,6,0,106,4,2,2,0,2,6,2,23,0,0,0,6,0,90,0,98,0,12,0,1
5218,steam:11000011219f1f6,Oniredwhite,0,6,0,106,4,2,2,0,2,6,2,23,0,0,0,6,0,90,0,98,0,12,0,1
5220,steam:1100001366e0d99,sans nom,0,0,0,8,0,1,0,0,0,0,0,1,1,0,0,6,0,2,0,7,2,1,0,1
5221,steam:1100001101366d8,qatari,0,24,1,4,2,7,0,0,0,128,0,113,10,0,0,10,0,1,0,4,0,33,0,1
5222,steam:11000011219f1f6,civilred,0,151,0,106,4,10,1,0,1,15,0,12,0,0,0,14,4,25,0,31,5,14,0,1
5223,steam:1100001101366d8,Vagos2,0,15,0,78,2,1,14,0,14,50,1,11,0,0,0,5,0,14,0,127,8,33,0,1
5224,steam:11000011219f1f6,SeksiRed,0,8,1,20,1,44,4,0,4,0,0,100,0,0,0,18,6,32,0,22,1,15,0,1
5225,steam:11000011219f1f6,Civil17,0,6,0,27,0,10,0,0,0,31,0,55,2,0,0,26,0,26,0,120,10,14,0,1
5226,steam:1100001366e0d99,civil,0,21,0,4,4,12,0,0,0,0,0,5,0,0,0,7,0,6,0,62,0,30,0,1
5227,steam:11000010f059895,chemiseblancchinovert,0,15,0,26,2,26,12,0,12,112,0,117,0,0,0,5,5,20,0,3,0,26,2,1
5228,steam:11000010f059895,fullblackcops,0,16,0,4,0,81,0,0,0,125,0,117,0,0,0,8,5,11,0,234,0,26,2,1
5229,steam:11000010f059895,chemiseblanchebleumarine,0,16,0,35,0,15,1,0,1,125,0,117,0,0,0,8,5,4,0,3,0,26,2,1
5230,steam:11000011bd8ef7c,Le M,0,15,0,78,4,8,2,0,2,22,9,1,1,0,0,6,0,11,0,42,0,1,0,1
5231,steam:110000103f06765,Veste rouge pas troué,0,10,2,4,4,49,0,0,0,0,0,58,2,0,0,20,0,4,0,167,0,33,0,1
5232,steam:110000101c40f90,Costard Blanc,0,10,0,10,7,18,0,0,0,38,2,12,1,0,0,12,10,4,0,23,3,1,0,1
5233,steam:11000010700eaeb,sans nom,0,0,0,8,0,1,0,0,0,0,0,1,1,0,0,6,0,2,0,7,2,1,0,1
5234,steam:1100001037d86de,sans nom,0,0,0,8,0,1,0,0,0,0,0,1,1,0,0,6,0,2,0,7,2,1,0,1
5235,steam:1100001025ffefb,chinois,0,31,2,19,0,20,7,0,7,14,0,25,1,0,0,5,0,1,0,108,5,18,0,1
5236,steam:110000103f06765,Veste en jean moutarde,0,10,7,4,4,26,1,0,1,0,0,52,0,0,0,20,0,4,0,70,6,33,0,1
5237,steam:110000136b50cab,sans nom,0,0,0,8,0,1,0,0,0,0,0,1,1,0,0,6,0,2,0,7,2,1,0,1
5238,steam:1100001326fca35,Civil Hugo ,0,0,0,8,0,1,0,0,0,0,0,1,1,0,0,6,0,2,0,7,2,1,0,1
