steam:1100001003a9102,1,2
steam:110000108378030,1,5
steam:1100001040759e7,1,13
steam:11000010ce5670a,1,5
steam:1100001101366d8,1,21
steam:110000112eedc1b,1,1
steam:11000010b613f7a,1,3
steam:110000102904d97,1,13
steam:110000112911cc3,1,13
steam:11000010e281d6b,1,11
steam:11000010c429854,1,13
steam:110000114061f62,1,1
steam:1100001068c0f39,1,1
steam:11000010b25c942,1,2
steam:11000011c9ff36e,1,13
steam:11000011473017d,1,4
steam:110000111944510,1,21
steam:11000010c4bcdc8,1,7
steam:110000139714d27,1,13
steam:110000104c02f75,1,13
steam:110000132df2392,1,16
steam:11000010b27405f,1,1
steam:11000013598c992,1,7
steam:11000010e84de23,1,10
steam:1100001071bc7c7,1,13
steam:1100001131693ba,1,11
steam:1100001117c7d70,1,4
steam:1100001161c9eb2,1,11
steam:110000134918378,1,6
steam:110000111ed0438,1,13
steam:110000135218513,1,11
steam:110000108ddbb03,1,5
steam:110000132d1be3c,1,3
steam:110000109081570,1,2
steam:11000010dbec0f1,1,2
steam:110000132ba653a,1,3
steam:11000010ed30bc8,1,2
steam:1100001360b2be6,1,5
steam:11000011622803a,1,15
steam:110000101bc5bcc,1,1
steam:110000108fc7421,1,8
steam:110000109890bfd,1,7
steam:110000136ad4229,1,1
steam:110000112bb41f2,1,8
steam:1100001028a971d,1,5
steam:1100001343679fd,1,5
steam:1100001003a9102,1,6
steam:1100001178fe593,1,3
steam:110000137588ead,1,13
steam:110000112285fa2,1,5
steam:110000110856d5a,1,3
steam:1100001031b2101,1,16
steam:110000139bd1a3a,1,5
steam:1100001075f1b9a,1,11
steam:11000010f090997,1,13
steam:11000011209c274,1,2
steam:1100001129d31d7,1,14
steam:110000109470248,1,8
steam:110000103a44404,1,11
steam:11000010137aa9d,1,2
steam:11000010c812109,1,13
steam:1100001145786e4,1,15
steam:11000010660bc29,1,13
steam:110000102b15485,1,16
steam:11000011ba2c5b2,1,8
steam:110000109f96556,1,13
steam:1100001375e2181,1,13
steam:110000104bda9cf,1,5
steam:110000102e429fc,1,7
steam:11000010e74bd8f,1,13
steam:1100001196d5539,1,13
steam:110000109fb7885,1,13
steam:11000010959ecab,1,3
steam:1100001068a917a,1,1
steam:11000011807a700,1,5
steam:1100001044e15bb,1,3
steam:11000010652caa0,1,1
steam:1100001349849a1,1,13
steam:110000103f682c2,1,5
steam:110000101fd2563,1,3
steam:11000010d0bdaf6,1,5
steam:1100001120c40fc,1,7
steam:110000107caa6f0,1,14
steam:110000116f68242,1,16
steam:110000110a93662,1,3
steam:110000104947cc5,1,13
steam:110000105cb6301,1,5
steam:1100001327ad1b2,1,5
steam:110000135858261,1,3
steam:110000106963c2e,1,8
steam:11000010c1c8198,1,5
steam:11000010efb5a4f,1,10
steam:11000010eefee1b,1,8
steam:110000139d0e8ae,1,13
steam:1100001320064ee,1,13
steam:110000136828494,1,2
steam:11000010652eb72,1,2
steam:11000010d5dce31,1,10
steam:11000011c57a765,1,5
steam:1100001084b2363,1,2
steam:11000010fed4f20,1,3
steam:110000108a31848,1,13
steam:1100001370c400b,1,5
steam:11000011bf94a2e,1,3
steam:110000117368b74,1,24
steam:110000136fb5753,1,8
steam:11000010cc0629e,1,5
steam:11000011c13517e,1,10
steam:11000011ae72435,1,11
steam:110000114d59db9,1,5
steam:11000010429ba4e,1,2
steam:110000111b504ac,1,14
steam:11000010c375bbd,1,5
steam:110000102c8c24c,1,1
steam:1100001101366d8,1,16
steam:11000010ce5670a,1,15
steam:110000112ec5b01,1,16
steam:110000114766a62,1,3
steam:1100001173b68bb,1,1
steam:1100001377e5f7f,1,5
steam:11000010cf93557,1,5
steam:110000132b4beb0,1,14
steam:11000013291f6bf,1,14
steam:110000139bffabf,1,5
steam:1100001176e3fa7,1,13
steam:110000133be1228,1,5
steam:11000011219f1f6,1,30
steam:110000116c5310d,1,3
steam:1100001347f7916,1,10
steam:110000137686d75,1,6
steam:11000010dbec0f1,1,7
steam:11000010909dee8,1,5
steam:11000010b613f7a,1,5
steam:1100001003a9102,1,2
steam:11000010ce5670a,1,2
steam:1100001101366d8,1,14
steam:1100001343d5045,1,7
steam:11000011424226b,1,22
steam:1100001003a9102,1,3
steam:1100001101366d8,1,14
steam:1100001363b31d3,1,16
steam:110000117015d2b,1,5
steam:1100001363304d1,1,17
steam:110000106cd519e,1,13
steam:1100001099f21ce,1,2
steam:11000011d7a0bec,1,13
steam:1100001374a68bc,1,1
steam:11000010f3eacfd,1,13
steam:11000011b29946a,1,13
steam:110000113b593af,1,3
steam:110000111b96f74,1,8
steam:11000010335ee88,1,5
steam:110000139b601a3,1,3
steam:11000011029d8ac,1,5
steam:11000010c65f4e3,1,5
steam:11000013685c3cb,1,16
steam:11000011b757d6c,1,11
steam:11000010b7ee5b5,1,8
steam:1100001119126df,1,13
steam:110000132616fd6,1,5
steam:11000013598a3a6,1,11
steam:110000109102c01,1,3
steam:110000118acbbd9,1,2
steam:11000011ae7a123,1,5
steam:11000011b0071c7,1,3
steam:110000107c3ff93,1,13
steam:11000010a150ab8,1,10
steam:110000107c3ff93,1,13
steam:110000106c5bddf,1,5
steam:11000010f2b717d,1,3
steam:110000135911764,1,7
steam:11000011b86a427,1,11
steam:110000119194df6,1,5
steam:11000010979dfb9,1,3
steam:11000010f0625a5,1,3
steam:11000011a5d619a,1,7
steam:11000010c7823df,1,5
steam:110000113f34ddf,1,5
steam:1100001035d6339,1,8
steam:110000109b8b47f,1,3
steam:1100001365fb7eb,1,1
steam:110000112b30024,1,3
steam:110000139e22e87,1,13
steam:11000011931b6fd,1,5
steam:11000011511c381,1,7
steam:110000117f5e047,1,5
steam:11000010ab7146b,1,7
steam:1100001155f0628,1,13
steam:1100001356e07c1,1,13
steam:110000135a9dad8,1,5
steam:11000011842e41d,1,5
steam:110000112f2bb22,1,9
steam:110000101c40f90,1,13
steam:110000114aa6751,1,7
steam:1100001089b6497,1,13
steam:110000112d88334,1,13
steam:11000010cd5fc79,1,2
steam:11000011750887e,1,29
steam:11000013429e8c3,1,5
steam:110000139e8778b,1,13
steam:110000115ddd132,1,7
steam:11000011567084a,1,2
steam:11000010e16ddeb,1,3
steam:110000118b59acb,1,1
steam:11000011d3a35e2,1,8
steam:110000112cd1818,1,13
steam:110000115293fae,1,4
steam:11000010dfb845b,1,35
steam:110000109731681,1,6
steam:110000101ec5657,1,5
steam:11000010971d03b,1,11
steam:110000135d0f6f8,1,25
steam:110000101de72e9,1,5
steam:110000117dff6b7,1,3
steam:110000111f63c22,1,1
steam:110000112cf7d5d,1,13
steam:110000112d141be,1,9
steam:11000010e281d6b,1,13
steam:11000010b395735,1,13
steam:110000116a44fd9,1,8
steam:11000011247e59a,1,13
steam:110000102b6df4f,1,7
steam:11000011d82f991,1,13
steam:11000010b0ddce0,1,5
steam:11000013593b325,1,7
steam:110000100061d74,1,13
steam:11000013573a6d4,1,13
steam:1100001364cddb2,1,3
steam:110000113cced79,1,13
steam:11000011393528d,1,13
steam:11000011b29736d,1,13
steam:110000100c4e8f8,1,13
steam:11000010a567e3b,1,11
steam:110000100bcfb87,1,7
steam:110000117a10270,1,8
steam:11000011301e43d,1,7
steam:1100001168d8dda,1,5
steam:11000010967615d,1,11
steam:110000139c1a8e6,1,2
steam:110000109eca7b6,1,5
steam:110000109e48493,1,11
steam:110000135e1a203,1,3
steam:11000011285a757,1,1
steam:11000013930de3c,1,13
steam:1100001183373fd,1,5
steam:11000011288b73f,1,13
steam:1100001031f3ea2,1,15
steam:11000011aaeda4c,1,8
steam:11000011d03240f,1,5
steam:1100001157f0dd2,1,5
steam:110000112a31c20,1,6
steam:11000010f17d41c,1,11
steam:11000010ef9bd01,1,3
steam:11000010c8648de,1,13
steam:110000111437656,1,14
steam:1100001370c7d56,1,7
steam:110000112a4c052,1,8
steam:11000011a2b77a8,1,13
steam:1100001399ee460,1,3
steam:1100001118028cc,1,13
steam:11000013467ab45,1,8
steam:11000011b7c8c46,1,3
steam:110000118066e9c,1,14
steam:110000107873578,1,13
steam:110000136431223,1,13
steam:11000010bef77b4,1,15
steam:110000117222d8b,1,14
steam:11000010c142262,1,3
steam:110000139947276,1,2
steam:110000138425eec,1,3
steam:11000010cabc803,1,3
steam:110000105e2d0ba,1,13
steam:110000132d6017d,1,5
steam:1100001343e3dad,1,5
steam:11000010b2b4773,1,5
steam:110000139f160ff,1,13
steam:110000113d39ab0,1,11
steam:1100001323710e3,1,11
steam:1100001113860d2,1,2
steam:110000102c4ec36,1,6
steam:1100001022bb162,1,13
steam:110000136d96dae,1,3
steam:11000010458b855,1,11
steam:1100001350986ac,1,13
steam:1100001073db55e,1,13
steam:1100001161c9eb2,1,13
steam:110000118c51c2a,1,15
steam:11000010df6b155,1,1
steam:11000011567bbaf,1,5
steam:110000110a1dfd2,1,5
steam:11000011271c3c0,1,5
steam:11000010a3c0092,1,16
steam:110000112a4d8b1,1,5
steam:110000102d61caf,1,3
steam:11000010c3946d0,1,5
steam:11000010ba265d7,1,7
steam:110000111dad0ac,1,5
steam:110000109accd76,1,3
steam:110000103128f79,1,3
steam:110000134becad3,1,5
steam:110000102c7ecab,1,5
steam:110000112b248bb,1,13
steam:110000138271377,1,5
steam:11000013707b763,1,11
steam:110000133cb550d,1,11
steam:110000107e28fa1,1,13
steam:1100001390c189c,1,5
steam:110000135ac8d28,1,13
steam:11000011645da56,1,8
steam:1100001165cb47c,1,5
steam:11000010f22391d,1,7
steam:1100001375f50b0,1,5
steam:11000010b969ce1,1,13
steam:11000010f73cd93,1,2
steam:1100001190ba928,1,24
steam:1100001135a60a9,1,13
steam:11000010a908ac7,1,2
steam:11000011ac518cb,1,7
steam:110000106204f54,1,8
steam:11000010525eaae,1,11
steam:11000011a81bcf9,1,13
steam:1100001097f8fa5,1,13
steam:1100001068e41c6,1,21
steam:1100001039483e9,1,28
steam:11000010fc8fdcc,1,5
steam:11000010eea4d3c,1,8
steam:110000105817518,1,21
steam:1100001152349e8,1,7
steam:1100001179c0fd1,1,16
steam:11000010f21a051,1,3
steam:11000010b6574c7,1,3
steam:11000013644b354,1,13
steam:11000010df423e6,1,13
steam:1100001175adc4f,1,7
steam:1100001072415ee,1,3
steam:11000010688232d,1,13
steam:110000139c13885,1,5
steam:1100001184119a9,1,1
steam:1100001081359d1,1,13
steam:110000136863b84,1,13
steam:11000010c99671b,1,5
steam:1100001070a162c,1,13
steam:110000107f9f4e5,1,2
steam:110000111dd56aa,1,3
steam:1100001043ff4c4,1,13
steam:110000112dbaf1c,1,5
steam:110000117f42a4e,1,13
steam:1100001110d4c86,1,11
steam:11000010278c66f,1,5
steam:110000106d0ab00,1,14
steam:110000106ed81ed,1,5
steam:11000010664d784,1,4
steam:110000139e35dea,1,5
steam:110000135f8b043,1,26
steam:1100001321eb265,1,13
steam:1100001045198c5,1,13
steam:110000133d79d78,1,13
steam:11000010f22519c,1,3
steam:1100001157ab317,1,13
steam:11000010c1434f7,1,3
steam:110000109ab4d80,1,16
steam:11000010ba897a5,1,8
steam:11000011a457034,1,13
steam:11000011838b088,1,2
steam:110000101dbe13a,1,5
steam:110000133b089ba,1,13
steam:11000010d36b0c3,1,14
steam:1100001151229ad,1,13
steam:1100001358670d9,1,3
steam:11000010a199cb1,1,5
steam:110000114c58e71,1,2
steam:11000010812ac3e,1,8
steam:110000139eed6ef,1,7
steam:11000010bd93aee,1,3
steam:110000136da746b,1,7
steam:11000010623e3c0,1,8
steam:1100001191acb16,1,13
steam:11000010f35dc07,1,15
steam:110000107cf78b8,1,2
steam:110000101b74923,1,3
steam:110000135f67b5d,1,5
steam:11000010619f4f0,1,7
steam:110000136343644,1,13
steam:110000109e4f709,1,13
steam:110000114f0ea9f,1,5
steam:1100001057930f9,1,13
steam:110000118189402,1,3
steam:110000113b7d889,1,13
steam:11000010c52535b,1,8
steam:11000010e79ebc5,1,5
steam:11000010151c8e8,1,15
steam:1100001051cddef,1,8
steam:11000010a0cb07c,1,13
steam:1100001074586a6,1,8
steam:1100001147ca352,1,13
steam:110000105347029,1,14
steam:110000111c9cdd3,1,16
steam:1100001020a65f8,1,5
steam:11000011553e694,1,13
steam:11000010a6fb097,1,6
steam:110000116fa4573,1,13
steam:11000011aa9a627,1,5
steam:110000103743cc0,1,13
steam:1100001148866cb,1,13
steam:11000011ae7fc90,1,13
steam:110000105ee7ec0,1,5
steam:110000111c25c90,1,13
steam:1100001181d35d4,1,26
steam:1100001056558d2,1,5
steam:110000111ca4e61,1,13
steam:1100001332f555e,1,3
steam:110000111950c62,1,13
steam:110000112a23f5e,1,5
steam:110000115a1a340,1,5
steam:11000010bdbab67,1,13
steam:11000010522d181,1,16
steam:1100001072e765f,1,17
steam:11000010b907000,1,1
steam:11000010821cc97,1,16
steam:11000010cbc5522,1,1
steam:11000010b95fe9c,1,13
steam:1100001031dc095,1,13
steam:1100001125693a1,1,5
steam:1100001136a12a0,1,5
steam:11000010ab40cae,1,11
steam:110000139b9dc79,1,13
steam:110000105d19ef3,1,13
steam:1100001034b6ac9,1,5
steam:1100001164661ce,1,13
steam:110000136430bde,1,8
steam:1100001174d937d,1,3
steam:11000011145fbcc,1,8
steam:1100001329d0827,1,3
steam:11000010341feaa,1,5
steam:1100001024be7a1,1,13
steam:110000137419f4d,1,8
steam:1100001164eeb78,1,13
steam:11000010624a9d2,1,3
steam:1100001080dc1a2,1,13
steam:11000010381ec61,1,13
steam:110000104f992a1,1,13
steam:11000010707ac54,1,13
steam:11000010ce05ef2,1,8
steam:110000111b9de20,1,7
steam:1100001147d293f,1,14
steam:11000011c938d76,1,13
steam:11000010c008ac4,1,3
steam:110000109ab1631,1,2
steam:110000111538b60,1,3
steam:110000100a7caed,1,2
steam:1100001069d7efa,1,13
steam:1100001075df799,1,7
steam:1100001098ee1e3,1,8
steam:1100001097651f7,1,13
steam:110000108de1a9e,1,3
steam:11000010eb3cc4c,1,1
steam:110000135b0054d,1,5
steam:11000010bdc6379,1,2
steam:110000104105556,1,13
steam:11000011648fb1f,1,1
steam:110000133afe01a,1,8
steam:11000013698baf4,1,3
steam:11000010abea707,1,2
steam:110000109b19569,1,13
steam:11000011177bd83,1,8
steam:11000010bfad296,1,11
steam:11000010079b75e,1,13
steam:110000139ce4b8a,1,13
steam:110000139d39855,1,13
steam:11000010974cf7a,1,7
steam:11000010da8c9fe,1,4
steam:1100001052d434b,1,22
steam:11000010b590ff0,1,8
steam:11000010430a6a9,1,16
steam:11000011af44e1e,1,10
steam:1100001042467e2,1,16
steam:1100001026a2d00,1,13
steam:11000010a12b517,1,13
steam:110000102aa2158,1,3
steam:11000010de28189,1,13
steam:110000103616086,1,2
steam:1100001379ecf76,1,3
steam:110000136e4383f,1,13
steam:1100001375b5955,1,2
steam:11000013743b4fc,1,7
steam:11000010b699e7a,1,11
steam:110000105c2ffb0,1,3
steam:110000104219a0a,1,13
steam:11000010290cbc2,1,8
steam:1100001362ddde5,1,8
steam:110000113cf0f1e,1,5
steam:110000115b00d8b,1,13
steam:11000011d133c4b,1,13
steam:11000011564dc6a,1,13
steam:11000010bf6fc63,1,13
steam:110000102610464,1,8
steam:11000010e76b780,1,5
steam:11000010ec85805,1,13
steam:110000136d36f93,1,5
steam:11000010cb9fef5,1,1
steam:11000010a704b69,1,13
steam:1100001089fbd42,1,13
steam:11000010d00a68f,1,13
steam:1100001098b7dc8,1,13
steam:11000010ce5fd91,1,4
steam:11000011d31d5f3,1,4
steam:11000010a9b377f,1,13
steam:110000101ba52e3,1,3
steam:11000011554478a,1,5
steam:11000011ad284fd,1,13
steam:1100001053eb962,1,5
steam:110000102fc6c62,1,13
steam:1100001398e42e5,1,5
steam:11000010b12e3fa,1,14
steam:11000011a87c9cd,1,5
steam:110000106e534eb,1,13
steam:110000134d6b6a6,1,3
steam:110000115227e0c,1,6
steam:110000103624ea0,1,3
steam:110000103570479,1,13
steam:110000119ab4b61,1,28
steam:110000115f0ce63,1,5
steam:11000010f45b325,1,2
steam:11000010ac58143,1,13
steam:11000010015581d,1,8
steam:11000011d264832,1,7
steam:11000010679fa20,1,3
steam:11000010da38292,1,36
steam:110000102cf12c6,1,16
steam:1100001347a9ef1,1,16
steam:110000101cab0bd,1,13
steam:110000108b687ae,1,13
steam:1100001077aea04,1,13
steam:11000011d31d5f3,1,16
steam:11000010fc4fad8,1,14
steam:11000010ec85805,1,13
steam:110000106a41b40,1,8
steam:11000010c7fd3db,1,13
steam:110000139bb079f,1,13
steam:11000011cc09e8e,1,3
steam:110000106a44e69,1,13
steam:1100001036f92e3,1,1
steam:11000010620f107,1,13
steam:110000107eaa737,1,13
steam:11000010b6b9659,1,5
steam:11000011af1681a,1,5
steam:1100001017ea4a7,1,5
steam:11000010956cadb,1,3
steam:11000010dd8a0e6,1,13
steam:110000115e58d46,1,3
steam:11000010764482d,1,5
steam:110000112d6b8f7,1,5
steam:11000010fb18274,1,3
steam:11000010bb4bd00,1,3
steam:11000011c3b0335,1,7
steam:1100001101d4914,1,14
steam:11000010b8aea82,1,13
steam:11000010e9a4c1f,1,11
steam:11000011125db40,1,6
steam:110000112f287c1,1,11
steam:110000135b8304f,1,3
steam:11000010dd0f741,1,7
steam:11000010b39fc6c,1,13
steam:110000102e49f63,1,7
steam:11000013920dec2,1,8
steam:11000010ae3e78d,1,13
steam:11000011552e4bc,1,13
steam:1100001196562bd,1,8
steam:11000010e320ccf,1,5
steam:11000010bdeed53,1,13
steam:11000011b4c6ee0,1,13
steam:11000010324c907,1,13
steam:11000011a0eae90,1,13
steam:11000010ade03ac,1,14
steam:110000113e01d45,1,2
steam:110000109d9fe59,1,16
steam:11000011972a6d3,1,13
steam:110000116d4ec41,1,13
steam:110000104aefee5,1,5
steam:11000013890e4ad,1,13
steam:1100001126a32be,1,13
steam:110000104502963,1,5
steam:11000010c7ad660,1,5
steam:110000134fc3989,1,8
steam:110000102d01158,1,7
steam:11000010b1bd5bd,1,8
steam:110000107a1b3f0,1,13
steam:110000113dc4644,1,3
steam:11000010b9f9bc3,1,13
steam:110000112329efa,1,13
steam:11000010169b635,1,13
steam:11000010a92a037,1,8
steam:11000010d540df2,1,13
steam:110000101e56e27,1,14
steam:110000107ccadfa,1,15
steam:11000010821b853,1,5
steam:110000111cde1c7,1,7
steam:11000010b371d91,1,10
steam:1100001047d45bd,1,16
steam:1100001035ff403,1,5
steam:11000010a376996,1,13
steam:110000117d1cc8e,1,13
steam:1100001059c26a4,1,5
steam:110000106937f9c,1,8
steam:110000109d0fa39,1,13
steam:110000106e719a4,1,5
steam:110000119cf7b9d,1,8
steam:110000134b9c240,1,5
steam:110000112136735,1,6
steam:110000103a9092a,1,11
steam:110000135ac0b31,1,7
steam:110000115d1b786,1,3
steam:110000135ea4cfc,1,6
steam:1100001098639cf,1,7
steam:1100001343ce55a,1,6
steam:1100001170d996a,1,5
steam:110000135d05c26,1,5
steam:1100001021d5a44,1,1
steam:11000011b4cceb5,1,2
steam:110000139e396af,1,11
steam:11000011412cea9,1,8
steam:110000108ca1dd9,1,13
steam:110000136dcb34f,1,5
steam:110000112b5de13,1,11
steam:110000117f3dba6,1,13
steam:110000112b30f23,1,13
steam:11000011d6db08e,1,13
steam:11000013505c3b8,1,5
steam:110000133bb1af9,1,5
steam:110000135032e49,1,5
steam:11000010dc355cf,1,3
steam:11000010bc4b2d9,1,8
steam:11000011a7833f1,1,2
steam:1100001376c62c1,1,11
steam:1100001198aeb71,1,13
steam:110000107059349,1,5
steam:11000010a8e0a34,1,5
steam:110000102d05f71,1,8
steam:1100001148ecb7e,1,11
steam:11000010f7ad2f7,1,7
steam:110000106dea20f,1,11
steam:110000104fc32a6,1,8
steam:11000010ebd7aa9,1,13
steam:110000135a56ec0,1,14
steam:11000011512795f,1,16
steam:110000135df8cee,1,2
steam:110000105150085,1,13
steam:110000117322ff8,1,13
steam:110000117c0b27d,1,13
steam:110000109aabfe6,1,3
steam:1100001176aeb00,1,25
steam:1100001103ed2f0,1,5
steam:11000010515373c,1,5
steam:11000013a15f58d,1,8
steam:110000116e3b116,1,16
steam:110000136abeb8a,1,5
steam:11000011d779b57,1,3
steam:11000011820cb9e,1,13
steam:11000013265e464,1,2
steam:1100001365912a7,1,25
steam:11000010ec28289,1,8
steam:110000115f713e4,1,13
steam:110000135ec3cea,1,26
steam:11000011a7467b4,1,2
steam:1100001386e0785,1,13
steam:11000011917b0a2,1,8
steam:11000010d3561fa,1,7
steam:11000011918a86a,1,5
steam:1100001326bc690,1,13
steam:110000135306458,1,7
steam:11000013426da12,1,5
steam:11000010b6e3aad,1,4
steam:1100001041d4c56,1,7
steam:11000013a0d3de3,1,2
steam:110000101ad172b,1,10
steam:110000107951e60,1,8
steam:110000134a3e4e1,1,8
steam:110000119bd82f2,1,13
steam:110000100f8616d,1,3
steam:110000109b44135,1,3
steam:110000131d714e0,1,7
steam:11000010cfb1e13,1,1
steam:1100001044e42df,1,7
steam:1100001350175d9,1,13
steam:1100001196e6c1b,1,5
steam:11000010d9aaca9,1,2
steam:11000010cbc72ae,1,13
steam:11000010352f07b,1,8
steam:110000102002d19,1,13
steam:110000106ad148c,1,8
steam:1100001175f6254,1,7
steam:11000010a562785,1,13
steam:11000013498bb90,1,2
steam:11000011b5f5f75,1,13
steam:11000011088acae,1,16
steam:110000116d3c612,1,7
steam:1100001371c7439,1,7
steam:11000010b49e64b,1,11
steam:1100001002d4354,1,8
steam:110000115410ab4,1,1
steam:110000136866c0d,1,1
steam:11000011a0f9f5e,1,7
steam:110000110e5cc1e,1,14
steam:1100001173b3c72,1,5
steam:11000010ab27007,1,15
steam:11000013595857e,1,8
steam:1100001332a3713,1,8
steam:11000013995049c,1,5
steam:1100001379baab5,1,8
steam:1100001151f6101,1,13
steam:110000110e5cc1e,1,13
steam:1100001173b3c72,1,3
steam:110000136866c0d,1,2
steam:11000010d22f69d,1,5
steam:11000010b8b99a6,1,13
steam:1100001037b566a,1,13
steam:11000010f802167,1,3
steam:110000107c1953a,1,5
steam:11000010112d830,1,15
steam:110000105775f2b,1,13
steam:110000106b60f13,1,22
steam:1100001369edb52,1,7
steam:11000013994d5f3,1,8
steam:1100001056af913,1,13
steam:11000010c9a1231,1,13
steam:11000010bc971ba,1,13
steam:110000104e3eb44,1,6
steam:110000114d1627b,1,5
steam:11000010a495309,1,2
steam:110000109ec620b,1,7
steam:11000013a1f4ee0,1,8
steam:110000133ff8e6d,1,5
steam:110000117ee64b4,1,7
steam:1100001195644a7,1,13
steam:11000010ba0e4f0,1,2
steam:1100001186d5662,1,13
steam:11000011b681354,1,8
steam:11000010f192b6b,1,5
steam:110000117a9970a,1,13
steam:11000011ba13236,1,11
steam:11000013688a3ed,1,13
steam:11000010eee41c1,1,13
steam:110000134f38791,1,13
steam:11000010ad36f91,1,27
steam:110000112dc75e8,1,16
steam:110000112b9b23f,1,16
steam:11000013591a744,1,5
steam:110000112d3b99e,1,13
steam:110000131f0fa29,1,8
steam:110000116727333,1,13
steam:1100001136cf646,1,5
steam:110000116046212,1,2
steam:110000118ea82ed,1,2
steam:110000107ac1276,1,13
steam:110000132e5a373,1,13
steam:11000010165c5a0,1,11
steam:11000010de95877,1,13
steam:110000134a3fd84,1,5
steam:1100001123072f4,1,1
steam:1100001177285af,1,11
steam:110000118a1e10f,1,2
steam:11000010a8d7caa,1,3
steam:11000010a0fa026,1,13
steam:1100001154f45b7,1,30
steam:11000010e489a56,1,4
steam:11000011a4e6a2e,1,13
steam:11000010c3f355e,1,13
steam:110000117c40f48,1,7
steam:110000113276d7f,1,5
steam:1100001105157f4,1,16
steam:110000106b538ed,1,5
steam:1100001045e4112,1,5
steam:11000010ad47757,1,21
steam:11000011c2176f7,1,5
steam:1100001093d0aae,1,13
steam:11000010240bbf8,1,11
steam:110000112b72f3a,1,15
steam:11000013468da05,1,7
steam:110000112a5a39b,1,8
steam:110000110a29248,1,13
steam:110000132c64e00,1,5
steam:110000139d22510,1,8
steam:11000013780a2e8,1,5
steam:11000010e86446c,1,7
steam:1100001320d57a4,1,10
steam:110000119e4ad11,1,5
steam:110000136d85414,1,13
steam:11000011a44cd14,1,5
steam:11000010eb9e5a8,1,3
steam:11000011178f808,1,14
steam:110000118429277,1,11
steam:11000011293973e,1,13
steam:11000011bd526bb,1,8
steam:110000119667b33,1,8
steam:11000011a5b76b0,1,13
steam:110000132315e8c,1,30
steam:1100001326db3f2,1,7
steam:110000102c6621e,1,14
steam:1100001109c7398,1,16
steam:11000013886b243,1,15
steam:110000117bfdd80,1,8
steam:11000010a623f74,1,2
steam:110000136dc1389,1,1
steam:11000010c991c01,1,5
steam:11000011303bfc3,1,11
steam:1100001388c2f87,1,5
steam:1100001144f4604,1,13
steam:11000010f19c6c9,1,11
steam:1100001041c890d,1,7
steam:110000119acbba2,1,11
steam:11000010ad20d96,1,6
steam:1100001059ae1bf,1,14
steam:110000114328b8e,1,3
steam:110000115c7949e,1,5
steam:110000116b5fe83,1,3
steam:11000010e330501,1,2
steam:11000013598dd7d,1,7
steam:11000010e237521,1,7
steam:110000134e5faba,1,4
steam:11000010d0f0e5d,1,15
steam:1100001344f83bf,1,7
steam:110000112bd333b,1,8
steam:110000136a2cf71,1,2
steam:11000010ad2d31e,1,8
steam:110000114d5e6e0,1,1
steam:110000134c59d5c,1,16
steam:11000010c79ba2a,1,5
steam:1100001365912a7,1,26
steam:1100001372c039e,1,30
steam:110000105f355f9,1,13
steam:110000114536c09,1,14
steam:11000011b75cf30,1,13
steam:1100001176b696d,1,16
steam:11000010b7ff5cb,1,11
steam:110000134aa78da,1,5
steam:1100001115e7710,1,13
steam:1100001134de241,1,13
steam:110000134d458b2,1,13
steam:1100001181aa2e3,1,7
steam:1100001398eaf10,1,6
steam:110000119c67862,1,13
steam:11000010b38f5a3,1,5
steam:1100001060dfa98,1,3
steam:110000119400318,1,2
steam:110000117752d5e,1,13
steam:1100001323691b6,1,8
steam:1100001007704ac,1,14
steam:110000119a2b2ad,1,7
steam:11000011254f7db,1,6
steam:110000111570dbe,1,13
steam:11000010b9ca9ce,1,30
steam:11000013202a1fb,1,3
steam:110000113701257,1,23
steam:110000102034c60,1,8
steam:11000013a3dd7c0,1,13
steam:11000010843d743,1,5
steam:11000010733f0ba,1,13
steam:11000010abb3ad2,1,8
steam:1100001337f9bb9,1,5
steam:110000105693f54,1,11
steam:11000010e281d6b,1,13
steam:110000103128f79,1,3
steam:11000010b075337,1,8
steam:110000103c4a2ef,1,7
steam:11000010d79895a,1,3
steam:11000010a5d8492,1,11
steam:11000011ad39672,1,15
steam:11000010509cfc0,1,1
steam:11000013487704a,1,5
steam:11000010db35615,1,11
steam:1100001028a971d,1,5
steam:1100001128b3639,1,5
steam:11000010d4829db,1,5
steam:110000139e63f12,1,8
steam:1100001358d6e36,1,5
steam:1100001040759e7,1,3
steam:110000101cef60c,1,5
steam:11000010c607065,1,5
steam:11000011473017d,1,13
steam:110000136702189,1,5
steam:11000010dab6b55,1,3
steam:11000010e288321,1,5
steam:11000010044fd83,1,13
steam:110000111b6e7d6,1,13
steam:11000010f9314b8,1,15
steam:110000109c62720,1,3
steam:110000103409877,1,13
steam:110000117bb49b7,1,13
steam:1100001027373ce,1,11
steam:1100001363c3086,1,1
steam:110000102133916,1,13
steam:11000010addf361,1,22
steam:11000010524a606,1,2
steam:110000109a07645,1,7
steam:1100001147a25ee,1,13
steam:1100001151f37b0,1,13
steam:11000010de82196,1,3
steam:11000010e79ebc5,1,14
steam:1100001148f8bbf,1,5
steam:11000013665a698,1,13
steam:11000010e79ebc5,1,13
steam:1100001382bd77e,1,3
steam:11000013621310f,1,7
steam:110000104253d7d,1,8
steam:110000106a20571,1,8
steam:11000010f11332b,1,8
steam:110000136a8ca1b,1,2
steam:1100001166805e6,1,1
steam:11000010be0c000,1,13
steam:11000011a6ddd7d,1,8
steam:110000136549b0b,1,15
steam:1100001146e12b8,1,8
steam:110000108cb2ffb,1,13
steam:11000013a178522,1,9
steam:1100001015a389b,1,16
steam:11000010536b61b,1,11
steam:11000011a8eed9a,1,31
steam:110000101e5d385,1,13
steam:110000108add548,1,13
steam:11000010b2da5a3,1,13
steam:110000114a16fdc,1,13
steam:11000013a6b4ac3,1,13
steam:110000139bdb3a9,1,14
steam:110000108660f93,1,13
steam:1100001097da83c,1,3
steam:1100001000e393a,1,3
steam:110000115227e0c,1,13
steam:1100001160e7c5f,1,2
steam:11000010458eef2,1,11
steam:110000108fd9490,1,13
steam:1100001080a451b,1,8
steam:110000110ac1894,1,9
steam:1100001098a6ea8,1,5
steam:110000133910734,1,15
steam:110000111ecbdf5,1,5
steam:110000136408adc,1,11
steam:1100001353325d3,1,13
steam:1100001364b74b4,1,8
steam:1100001333117d9,1,8
steam:110000100dc5b13,1,7
steam:110000103e93b4b,1,13
steam:11000010bc873e5,1,13
steam:1100001126f6bc9,1,1
steam:1100001170bb65e,1,5
steam:110000113baa5ff,1,5
steam:11000011b002185,1,8
steam:110000109ae6499,1,2
steam:1100001044b03c1,1,3
steam:110000104a35c47,1,13
steam:11000010a1efd84,1,13
steam:11000010b82dd62,1,11
steam:110000133c4fb14,1,11
steam:110000114304ad4,1,13
steam:11000010966c705,1,13
steam:110000103f584d6,1,8
steam:110000113d8313d,1,13
steam:110000139c1fb46,1,13
steam:11000010ab96312,1,7
steam:11000010151b3fb,1,13
steam:1100001019c896c,1,16
steam:110000112cc4a59,1,13
steam:110000113e429e3,1,26
steam:110000104ea5d91,1,13
steam:1100001340f7ac8,1,8
steam:11000010a6a83e4,1,2
steam:110000103150d74,1,13
steam:110000100f14acd,1,16
steam:110000101c2ba68,1,13
steam:11000013526d478,1,13
steam:11000010b395735,1,13
steam:1100001078c0669,1,5
steam:11000010b6fb8ff,1,13
steam:110000115b6e565,1,2
steam:110000102492dab,1,11
steam:11000011cef7c79,1,13
steam:11000010d8a6d49,1,3
steam:110000115b86010,1,13
steam:11000010ff9f974,1,13
steam:11000010b257802,1,11
steam:11000011092aafa,1,8
steam:1100001025d3ff9,1,13
steam:110000137283d1f,1,11
steam:110000113433f40,1,11
steam:11000010e694487,1,11
steam:110000115cde636,1,13
steam:11000010aa50d2b,1,11
steam:110000103c84dbd,1,3
steam:110000136785314,1,13
steam:110000102820b7d,1,13
steam:110000136229ac5,1,11
steam:11000011c0f8cc8,1,5
steam:1100001075973bb,1,13
steam:110000112f9cc79,1,7
steam:110000112c9ea2b,1,3
steam:11000013a76272c,1,8
steam:11000010eaec940,1,1
steam:110000100b71389,1,5
steam:11000011210edaf,1,8
steam:11000011375be6d,1,1
steam:1100001131aa946,1,5
steam:1100001037b4335,1,16
steam:1100001016412c9,1,5
steam:11000010b3b2c48,1,15
steam:110000100965566,1,13
steam:11000013a15a841,1,3
steam:1100001004655a5,1,13
steam:11000010e451479,1,5
steam:11000011d5588e2 ,1,8
steam:11000013a630e68,1,5
steam:110000114c69572,1,16
steam:110000115cedac2,1,13
steam:1100001119d7fe3,1,3
steam:11000010bdfdad8,1,5
steam:110000117c1923d,1,13
steam:110000104e8d7b7,1,13
steam:11000010b95f526,1,7
steam:1100001129804eb,1,10
steam:1100001172a439b,1,8
steam:11000010ceb1837,1,13
steam:110000134408e72,1,5
steam:1100001376fcdea,1,3
steam:110000102f603cc,1,30
steam:110000103f6780e,1,8
steam:1100001139f3d0e,1,5
steam:11000010603bcad,1,2
steam:11000011ca630ac,1,3
steam:11000010c41858e,1,13
steam:11000010b826827,1,4
steam:110000102f603cc,1,30
steam:11000010448b7a0,1,2
steam:1100001342d5330,1,13
steam:11000011685225a,1,8
steam:11000010230cc03,1,14
steam:11000010d533597,1,3
steam:110000105e667cc,1,14
steam:1100001179aea25,1,5
steam:1100001099f21ce,1,1
steam:11000010081d8b0,1,5
steam:11000013a8cadb1,1,3
steam:110000117636b64,1,15
steam:11000010b00b6fb,1,17
steam:110000133c18e46,1,5
steam:110000117101a06,1,21
steam:11000010be0cb25,1,7
steam:110000113724252,1,15
steam:11000010b6abdfc,1,7
steam:1100001074c8c54,1,3
steam:1100001023541d8,1,6
steam:110000139e27008,1,9
steam:11000010acd4fa9,1,17
steam:11000010b514cf0,1,13
steam:1100001011661dd,1,13
steam:110000135b79f54,1,3
steam:11000010a803660,1,3
steam:11000010b87c1d9,1,8
steam:11000010a717c92,1,14
steam:11000010decbbf6,1,3
steam:1100001158fb073,1,5
steam:1100001350dbf9c,1,13
steam:11000010dd4caef,1,7
steam:1100001165b855a,1,13
steam:11000010299c07f,1,8
steam:110000107b6a584,1,3
steam:11000010b130574,1,13
steam:11000010ce2b6cf,1,8
steam:11000013a901b76,1,7
steam:110000103f06765,1,3
steam:11000011c6eea56,1,2
steam:1100001113f6cce,1,8
steam:1100001151911bc,1,7
steam:11000010b0bc6b5,1,5
steam:11000010125b30a,1,2
steam:110000114bb3af5,1,5
steam:11000011489df59,1,8
steam:11000011533f128,1,21
steam:110000101432fe2,1,4
steam:110000101aa90e7,1,8
steam:110000101d96a49,1,2
steam:1100001155b6ca0,1,13
steam:110000118754441,1,5
steam:110000102242884,1,5
steam:110000109a6bad1,1,13
steam:110000134e23b83,1,16
steam:110000139dd2cb4,1,7
steam:110000103128f79,1,17
steam:110000105e63cd7,1,13
steam:110000105e667cc,1,5
steam:110000109128173,1,5
steam:1100001134e99f9,1,16
steam:110000106cf2a82,1,2
steam:110000138216859,1,13
steam:1100001192336a3,1,3
steam:1100001386edfdf,1,2
steam:110000103446360,1,36
steam:1100001097b7ffb,1,13
steam:1100001146c154e,1,11
steam:11000011566da92,1,13
steam:11000010b731831,1,3
steam:110000107214191,1,13
steam:11000010cfe86c5,1,11
steam:110000106da66b1,1,8
steam:1100001001aaa4b,1,8
steam:11000013ad5aa4a,1,13
steam:110000109238e3c,1,8
steam:110000106735bf4,1,13
steam:110000114af659a,1,27
steam:11000010f059895,1,7
steam:1100001174b9ee3,1,13
steam:11000011c0cc060,1,28
steam:110000133c988e5,1,5
steam:11000010a958894,1,14
steam:110000117fc549a,1,3
steam:110000112ae7b33,1,8
steam:110000103056930,1,13
steam:1100001192b48ea,1,5
steam:11000010d146d27,1,7
steam:11000010e8769b0,1,13
steam:11000010d146d27,1,7
steam:11000011917fb48,1,11
steam:1100001025ffefb,1,11
steam:110000136005f27,1,4
steam:110000102554fa0,1,5
steam:110000115cde636,1,17
steam:110000103ff50ee,1,15
steam:110000110618680,1,13
steam:110000103fd5d2f,1,13
steam:11000010f263c7f,1,13
steam:110000115233d92,1,5
steam:1100001198a0f76,1,6
steam:1100001088b2aab,1,1
steam:11000010504b2eb,1,5
steam:110000104ac11a0,1,14
steam:110000119d3fd00,1,13
steam:110000105c7f81d,1,13
steam:110000105544979,1,5
steam:1100001026194cc,1,14
steam:110000134e4a929,1,13
steam:1100001322f6993,1,13
steam:1100001070695e2,1,5
steam:110000119609dc5,1,7
steam:11000011d596fb5,1,13
steam:1100001360b192d,1,8
steam:11000010c3d2366,1,14
steam:11000010a1c2980,1,8
steam:11000013753b19d,1,13
steam:110000109849d33,1,11
steam:11000011bcc0806,1,8
steam:11000011a7bcbdb,1,11
steam:11000010dccd4c5,1,3
steam:11000011426159a,1,1
steam:110000135433eb2,1,8
steam:1100001017d24bb,1,7
steam:110000138460d64,1,21
steam:1100001077dd623,1,7
steam:110000115224b27,1,13
steam:110000101342676,1,5
steam:110000100f32264,1,5
steam:110000100a13bc4,1,5
steam:11000010ac74881,1,13
steam:110000101afbe23,1,15
steam:1100001359b8621,1,13
steam:110000111eeb60b,1,14
steam:110000134e2b06b,1,7
steam:1100001082a5059,1,3
steam:1100001000146d6,1,13
steam:110000131f1474d,1,8
steam:1100001065dcf08,1,5
steam:11000013582f618,1,7
steam:110000101cc9fae,1,5
steam:110000114419de2,1,5
steam:1100001131b50af,1,11
steam:11000010913b0ca,1,24
steam:11000010c3ac3ab,1,13
steam:11000011a8eed9a,1,25
steam:1100001069eb002,1,8
steam:11000010b355ac6,1,13
steam:11000010a48422e,1,13
steam:110000103bad3da,1,8
steam:110000106f38c2a,1,13
steam:1100001374079e3,1,13
steam:1100001072811d2,1,8
steam:110000119770d69,1,8
steam:11000013253fda7,1,30
steam:11000010321de34,1,13
steam:110000119ba3758,1,5
steam:11000013751d2d6,1,5
steam:1100001163bdb03,1,8
steam:110000100203b57,1,22
steam:11000010dc5cf21,1,13
steam:11000010a84096d,1,13
steam:110000102b6719d,1,13
steam:1100001182ba602,1,5
steam:11000010cba93cb,1,8
steam:110000113cfcc75,1,8
steam:1100001092b6c5b,1,5
steam:11000011396f587,1,13
steam:110000139bbbce5,1,5
steam:1100001116748cc,1,5
steam:1100001178718b1,1,8
steam:11000011b809bb3,1,13
steam:110000100134c3c,1,7
steam:1100001035128ff,1,8
steam:110000112d6a726,1,5
steam:11000011c315c47,1,13
steam:11000010c4aa2ee,1,11
steam:11000010bf00cbf,1,13
steam:11000011189040f,1,13
steam:11000010ebb3119,1,5
steam:1100001053c913c,1,8
steam:110000107426d1e,1,5
steam:110000116bdb8f2,1,13
steam:11000010af8bb4a,1,8
steam:11000010a3d1d15,1,5
steam:110000136c579ff,1,13
steam:110000136a44424,1,8
steam:110000103bad3da,1,3
steam:1100001041f0567,1,13
steam:1100001070240cf,1,8
steam:11000010bf20e69,1,13
steam:110000115c8ca80,1,5
steam:110000107fa453c,1,5
steam:110000102cbdfd2,1,5
steam:11000010bf92205,1,5
steam:110000101955978,1,11
steam:11000010c6fc367,1,5
steam:110000107319e58,1,3
steam:11000010532fdf9,1,13
steam:110000102355bbb,1,3
steam:110000111b7f3d4,1,13
steam:1100001364e54ba,1,8
steam:11000010e0ee7ce,1,13
steam:1100001124f5567,1,7
steam:110000108a97e08,1,1
steam:11000010b8d3099,1,8
steam:11000010ce09ed5,1,13
steam:110000112b38f72,1,14
steam:11000011d569a40,1,8
steam:11000010a88b28f,1,5
steam:11000011142f816,1,14
steam:110000108eb4349,1,5
steam:11000010e96309d,1,13
steam:1100001176b2fd7,1,13
steam:11000010f493224,1,13
steam:11000010d2bf705,1,13
steam:110000118442918,1,13
steam:110000115cde636,1,14
steam:1100001076e1d67,1,13
steam:110000107293680,1,3
steam:110000111c3c893,1,13
steam:11000010d28d31b,1,13
steam:110000134fd0154,1,5
steam:11000010f22838b,1,5
steam:110000134dfc603,1,16
steam:110000137a913c2,1,13
steam:110000110c51d04,1,8
steam:11000013995839f,1,11
steam:11000010e1d2922,1,5
steam:110000103650b1f,1,13
steam:1100001360fe96c,1,13
steam:11000010ed05335,1,8
steam:1100001098b4ade,1,13
steam:110000114eb66b2,1,13
steam:110000116025ee0,1,13
steam:11000011355c215,1,4
steam:110000111b0e798,1,13
steam:110000106ae3e63,1,15
steam:110000102af5a69,1,5
steam:11000010e5bf6e7,1,5
steam:11000011302cdf4,1,3
steam:110000108897b54,1,13
steam:1100001089a017c,1,8
steam:11000010b527972,1,8
steam:11000010bdf4734,1,8
steam:1100001171baa3c,1,7
steam:11000010ab10629,1,7
steam:110000109dcbd7d,1,13
steam:110000108ac8d6b,1,8
steam:11000010120bce5,1,13
steam:11000010bf7dad4,1,3
steam:11000010ee5c2d4,1,11
steam:1100001084e2bdc,1,8
steam:11000010d595206,1,27
steam:1100001068928b2,1,1
steam:11000010db654b9,1,13
steam:1100001031bb195,1,13
steam:11000010bdd9a91,1,23
steam:11000010054b21f,1,13
steam:11000013aca2345,1,16
steam:110000111169d54,1,13
steam:1100001128ffb20,1,14
steam:110000114a5e576,1,5
steam:11000010abbfb8a,1,3
steam:11000010a0126ce,1,5
steam:1100001068c0f39,1,5
steam:11000010e7b496c,1,11
steam:11000010da9cf96,1,13
steam:11000013957bdf6,1,5
steam:110000133638241,1,5
steam:11000010ca1c19d,1,13
steam:110000118e86833,1,16
steam:110000114c4f4f9,1,3
steam:110000107d72874,1,8
steam:1100001096ce202,1,8
steam:11000010163866c,1,13
steam:110000105bff9aa,1,14
steam:11000011b22c340,1,13
steam:110000113621e9f,1,13
steam:11000011431bd6a,1,13
steam:11000011b85c9bf,1,8
steam:110000139e036b6,1,8
steam:110000103c68da2,1,5
steam:110000112992b23,1,5
steam:11000011312a184,1,5
steam:11000010932a7fa,1,3
steam:11000010da84541,1,7
steam:11000013b4f7f07,1,11
steam:11000011204a359,1,13
steam:11000011cb17adc,1,5
steam:11000010bb3efc1,1,14
steam:110000108c85c22,1,3
steam:110000109b5a777,1,7
steam:1100001043b8c2a,1,13
steam:11000010a9c8298,1,13
steam:11000010198e656,1,8
steam:11000011ae2da25,1,4
steam:110000109c66806,1,15
steam:11000010e205e09,1,16
steam:1100001146c154e,1,13
steam:11000010bebb1fb,1,5
steam:110000116d4ec41,1,13
steam:11000010ec18127,1,8
steam:110000110da8056,1,13
steam:11000010ae60942,1,13
steam:11000010af70d2f,1,5
steam:1100001176ae4df,1,13
steam:110000104619fbe,1,8
steam:11000011d38fffb,1,13
steam:11000010a8994b3,1,7
steam:1100001187d9d86,1,13
steam:1100001047e3634,1,13
steam:11000010b4f02b7,1,14
steam:11000013570d3b7,1,13
steam:110000113340be5,1,11
steam:1100001363525ab,1,5
steam:11000010d6f2b11,1,7
steam:11000013396be25,1,5
steam:110000109eb1274,1,13
steam:11000010422dccf,1,5
steam:11000010dc34169,1,8
steam:110000118dca313,1,14
steam:11000010ec943a8,1,15
steam:11000013a0daf00,1,3
steam:11000011333b73e,1,13
steam:11000010b3e1063,1,5
steam:110000111c08af1,1,13
steam:1100001051ddbb9,1,13
steam:11000010b76cde0,1,3
steam:1100001087770e1,1,7
steam:110000109ae5861,1,5
steam:1100001004f9efd,1,13
steam:11000010b76cde0,1,3
steam:11000013ae420fb,1,13
steam:1100001136b77e4,1,5
steam:11000010a44ea74,1,5
steam:11000010662944c,1,5
steam:11000010a4f9838,1,13
steam:11000010b76cde0,1,3
steam:11000010a649d28,1,5
steam:11000010e13e19f,1,8
steam:11000010bf2c875,1,3
steam:11000010e1fa482,1,2
steam:110000100240847,1,5
steam:110000101a79580,1,8
steam:11000010ebfb5df,1,13
steam:110000105896cca,1,11
steam:11000010c504dd6,1,13
steam:110000103daa4cf,1,13
steam:110000133315eb4,1,8
steam:11000010a332098,1,1
steam:110000112310f8d,1,14
steam:1100001057bc556,1,13
steam:1100001360da5c1,1,5
steam:110000118a1b0cb,1,15
steam:110000138d363e0,1,4
steam:110000103f67873,1,11
steam:11000011abfecec,1,11
steam:110000139cea013,1,11
steam:110000112906c82,1,13
steam:11000010e39a605,1,13
steam:11000010b73f2d7,1,7
steam:11000010231d6e5,1,13
steam:110000131d34f17,1,13
steam:11000010b22ed2e,1,13
steam:11000010f4094a9,1,14
steam:11000010add0bd8,1,13
steam:11000013ada1382,1,13
steam:1100001090d2b28,1,10
steam:110000102682208,1,13
steam:110000104ced672,1,13
steam:11000010202214b,1,15
steam:110000108daaf64,1,13
steam:110000105caea04,1,17
steam:1100001341809a3,1,13
steam:11000011a725a72,1,11
steam:11000011b809bb3,1,7
steam:11000011afc5a17,1,13
steam:110000136c3d900,1,7
steam:11000011afc5061,1,13
steam:1100001112de70a,1,13
steam:11000010e5bb4e3,1,7
steam:11000010af960df,1,2
steam:110000115eb7d24,1,5
steam:11000010741e499,1,13
steam:110000114193d6a,1,13
steam:11000011cb487ba,1,2
steam:110000103eca26e,1,7
steam:11000011d099726,1,11
steam:1100001120c1e93,1,13
steam:110000108b33869,1,13
steam:1100001141fa57a,1,21
steam:11000010975162b,1,5
steam:110000101fd385f,1,10
steam:110000101fd385f,1,11
steam:11000011813a65a,1,13
steam:11000010cf21bae,1,5
steam:110000115b6acd4,1,13
steam:11000010fec1998,1,24
steam:1100001137aa6a4,1,13
steam:11000010aae0221,1,11
steam:11000013304518c,1,3
steam:1100001352c63bb,1,13
steam:110000102e1bfb8,1,13
steam:11000010e6443f9,1,10
steam:110000112136a70,1,13
steam:110000101d03729,1,3
steam:11000011467950c,1,13
steam:11000010426d2c2,1,13
steam:1100001144b4ecd,1,21
steam:11000010b7a113a,1,11
steam:11000011515a904,1,5
steam:110000111e5ab30,1,21
steam:110000108269103,1,2
steam:110000102ac044a,1,13
steam:110000112865eaa,1,7
steam:11000010c903d1a,1,11
steam:110000107d06ccb,1,13
steam:110000117b9590f,1,1
steam:110000117c831ad,1,5
steam:11000010ce7ceae,1,5
steam:11000010b7871c2,1,13
steam:110000112926e39,1,3
steam:110000119e67904,1,8
steam:11000010c4bcdc8,1,16
steam:11000011412a10f,1,14
steam:11000010be170fb,1,15
steam:11000010db6532f,1,11
steam:11000010f48b2dd,1,13
steam:1100001178fb6e9,1,14
steam:1100001122370ed,1,14
steam:11000010abb0ab4,1,13
steam:11000011865aad8,1,8
steam:11000011778cfb5,1,11
steam:110000136d587ed,1,5
steam:11000011bd8ef7c,1,14
steam:110000107cf0e12,1,4
steam:110000102c7cea2,1,5
steam:11000013661b881,1,8
steam:110000107cf0e12,1,2
steam:11000010354d342,1,2
steam:11000011d1a9c32,1,8
steam:110000108da03af,1,13
steam:110000114c9c3b1,1,3
steam:11000010b2f6791,1,13
steam:11000013b981d5f,1,2
steam:110000104c8409a,1,1
steam:1100001095016e3,1,16
steam:1100001335dcdca,1,5
steam:11000010dd2bd82,1,14
steam:1100001089f4e5d,1,3
steam:110000118932b0c,1,13
steam:11000010949a37b,1,14
steam:11000010b27405f,1,13
steam:11000010990b883,1,11
steam:110000110585d5c,1,13
steam:1100001177ef1f7,1,13
steam:11000013ba2e71f,1,13
steam:110000107fa48a4,1,13
steam:110000103f7c61d,1,13
steam:110000109e439d6,1,16
steam:110000109c549de,1,16
steam:1100001051b8bc6,1,8
steam:1100001057e63c7,1,5
steam:11000010d63c71a,1,2
steam:11000010a7591be,1,5
steam:11000010bf37066,1,13
steam:11000010b21f7f1,1,8
steam:110000105e30ee2,1,2
steam:11000010b5596bf,1,5
steam:110000101906b2b,1,8
steam:110000102af4fe1,1,13
steam:1100001177da54e,1,5
steam:11000010f75f850,1,3
steam:110000109c5e230,1,7
steam:11000010a938639,1,7
steam:11000010df612d3,1,7
steam:110000111a67294,1,15
steam:11000011c103d3d,1,14
steam:110000114bc5df1,1,13
steam:1100001075d9ca0,1,5
steam:110000106129a5d,1,7
steam:11000010dcba879,1,5
steam:11000010a5cd65e,1,8
steam:110000107a9bb0f,1,5
steam:11000011d0d4295,1,13
steam:110000132f8470c,1,1
steam:11000010cdba662,1,13
steam:110000136e17d85,1,13
steam:11000011c206af0,1,13
steam:110000112660201,1,5
steam:11000010ba04767,1,5
steam:1100001099e040c,1,9
steam:110000116388b7a,1,2
steam:11000011208d46a,1,3
steam:110000117148501,1,11
steam:110000114b13e9c,1,13
steam:1100001073d2b1d,1,11
steam:11000011856ae6a,1,5
steam:110000135ac5eac,1,3
steam:110000134e80a66,1,6
steam:11000013bbd01a0,1,1
steam:110000106738a70,1,14
steam:110000112df467f,1,13
steam:1100001073b1067,1,11
steam:1100001061ce0d5,1,1
steam:1100001177d0ca0,1,13
steam:1100001092ade5e,1,10
steam:110000136cf4cbf,1,13
steam:110000138c52a73,1,13
steam:11000011c2c7cea,1,13
steam:110000114b9921b,1,14
steam:110000103f06765,1,2
steam:11000013ba2e71f,1,15
steam:11000010932a7fa,1,2
steam:110000136707f5b,1,3
steam:11000010cb3e33a,1,13
steam:11000010e395903,1,5
steam:1100001366e0d99,1,5
steam:110000135b02f2a,1,31
steam:11000011bea7425,1,8
steam:11000010a6a6973,1,5
steam:11000011a3db91d,1,5
steam:1100001150b62aa,1,8
steam:1100001037d86de,1,3
steam:11000010700eaeb,1,13
steam:11000013be88120,1,9
steam:110000137e68092,1,5
steam:1100001162af66f,1,17
steam:11000013bc8877c,1,5
steam:1100001073bd8ed,1,13
steam:11000010a2655bd,1,14
steam:1100001365274ce,1,7
steam:11000013b08a14f,1,13
steam:110000134b19956,1,22
steam:110000111aafa9f,1,7
steam:110000136b50cab,1,29
steam:110000134bce37c,1,2
steam:1100001044fa11c,1,13
steam:11000010a9436f0,1,1
steam:110000113c5062b,1,2
steam:1100001326fca35,1,1
steam:11000011a3fa6e4,1,1
steam:110000111c4708d,1,3
steam:110000132e03968,1,2
steam:110000111e36959,1,13
steam:11000011752f96c,1,7
steam:110000135415105,1,8
steam:110000115c1bbee,1,1
steam:11000010576b2fa,1,5
steam:11000011318c29d,1,7
steam:11000010d0f6fd3,1,8
