steam:1100001178718b1,1,0,0
steam:110000108378030,1,23-06-2019,07-07-2019
steam:11000010e5d0123,1,0,0
steam:110000107214191,1,0,0
steam:11000010a1067a7,1,0,0
steam:11000010724147e,1,0,0
steam:11000010f5fdee3,1,0,0
steam:110000113c5062b,1,0,0
steam:11000010ce5670a,1,0,0
steam:11000011a3db4e5,1,0,0
steam:110000100d50a63,1,0,0
steam:110000112926e39,1,0,0
steam:1100001073b1067,1,0,0
steam:11000010732cec4,1,0,0
steam:110000109ea096a,1,0,0
steam:110000105f9c851,1,0,0
steam:110000119400318,1,0,0
steam:11000010524a606,0,0,0
steam:11000011b2b3644,1,0,0
steam:11000010563d577,1,0,0
steam:1100001085faef7,1,0,0
steam:1100001003a9102,1,0,0
steam:110000104907536,1,0,0
steam:110000115ef38c4,1,0,0
steam:110000109e5420d,1,0,0
steam:110000112c39839,1,0,0
steam:110000111ebd444,1,0,0
steam:11000010c80c4b5,1,0,0
steam:11000010282c2ee,1,0,0
steam:1100001010bc607,1,0,0
steam:11000010b613f7a,1,0,0
steam:1100001071f4ceb,1,0,0
steam:110000133719aee,1,0,0
steam:11000010a9de1dc,1,0,0
steam:11000010b9bbcf8,1,0,0
steam:11000010230cc03,1,0,0
steam:11000010a32f254,1,0,0
steam:11000010c9f8dc3,1,0,0
steam:11000010e2b255b,1,0,0
steam:11000011668a8c7,1,0,0
steam:11000010b1c8644,1,0,0
steam:1100001139d74f6,1,0,0
steam:1100001086e6fad,1,0,0
steam:11000010a697013,1,0,0
steam:11000011b3e9333,1,0,0
steam:110000113e085ab,1,0,0
steam:11000011bb09fc5,1,0,0
steam:110000111782b48,1,0,0
steam:11000010adcd9f7,1,0,0
steam:11000010a4d3d1e,1,0,0
steam:110000109c3e6aa,1,0,0
steam:110000105b017fd,1,0,0
steam:110000111e3b821,1,0,0
steam:11000010e84de23,1,0,0
steam:110000106b72d90,1,0,0
steam:11000011d112d5d,1,0,0
steam:11000011adf1dcd,1,0,0
steam:1100001190f5d29,1,0,0
steam:11000010a6ff4fd,1,0,0
steam:11000013265ffec,1,0,0
steam:11000013200450a,1,0,0
steam:1100001178fe0c5,1,0,0
steam:11000010c256098,1,0,0
steam:1100001339389b8,1,0,0
steam:11000010ba43a78,1,0,0
steam:11000010f171c1b,1,0,0
steam:11000010dbec0f1,1,0,0
steam:11000010aa61d58,1,0,0
license:6670f4c4931b6a43d5ce703edee05c08315f8e92,1,0,0
steam:11000010992530d,1,0,0
steam:110000117679d9a,1,0,0
steam:11000011ba13236,0,0,0
steam:11000010a2f79fb,1,0,0
steam:11000010baf21c4,1,0,0
steam:110000102b58cfc,1,0,0
steam:110000104e63496,1,0,0
steam:110000112d46e7b,1,0,0
steam:11000011411e573,1,0,0
steam:11000010f558707,1,0,0
steam:11000010a332098,1,0,0
steam:110000102ba7e1d,1,0,0
steam:11000011c127ca9,0,0,0
steam:11000011037ff38,1,0,0
steam:11000010979dfb9,1,0,0
steam:11000010b5a877b,1,0,0
steam:110000111c57e59,1,0,0
steam:110000115f2ee90,1,0,0
steam:110000114be19ec,1,0,0
steam:11000011b809bb3,1,0,0
steam:11000011a2be74c,1,0,0
steam:110000105276c8e,1,0,0
steam:11000011515ea98,1,0,0
steam:11000010ce429bb,1,0,0
steam:11000011c416280,1,0,0
steam:110000117cc120e,1,0,0
steam:11000010e97e0db,1,0,0
steam:11000010b76115c,1,0,0
steam:11000010623c532,1,0,0
steam:174f600669e49f,1,0,0
steam:110000114b0e49f,1,0,0
steam:11000010596c917,1,0,0
steam:4190af51,1,0,0
steam:1100001105e16b4,1,0,0
steam:1100001129199e6,1,0,0
steam:11000010cebbfad,1,0,0
steam:11000010272dbe2,1,0,0
steam:110000108f39ede,1,0,0
steam:110000114923816,1,0,0
steam:11000010f6bc49b,1,0,0
steam:11000010599f0ba,1,0,0
steam:1100001026e73e7,1,0,0
steam:1100001127a9bb9,1,0,0
steam:110000111005e44,1,0,0
steam:11000010a4e9b1a,1,0,0
steam:110000118319a76,1,0,0
steam:110000112f115d7,1,0,0
steam:110000109ddaab7,1,0,0
steam:1100001040d1674,1,0,0
steam:11000011d079ffa,1,0,0
steam:110000102cac0f4,1,0,0
steam:11000010f0580d4,1,0,0
steam:110000104d6bf08,1,0,0
steam:110000102554fa0,1,0,0
steam:110000119770d69,1,0,0
steam:11000011d596fb5,1,0,0
steam:11000010c78ce15,1,0,0
steam:11000010a0baaf6,1,0,0
steam:11000010BF2C943,1,0,0
steam:11000011CABB14D,1,0,0
steam:110000114910F6E,1,0,0
steam:110000109e24b9b,1,0,0
steam:110000108b0f41c,1,0,0
steam:11000010de8af29,1,0,0
steam:11000010bc67388,1,0,0
steam:11000010302fc47,1,0,0
steam:11000010b731831,1,0,0
steam:1100001069ac7b3,1,0,0
steam:110000115eb7d24,1,0,0
steam:11000010250b5a4,1,0,0
steam:110000118275ed7,1,0,0
steam:11000011a823e38,1,0,0
steam:11000000d40bed2,1,0,0
steam:11000010be1f6be,1,0,0
steam:11000011aecb810,1,0,0
steam:11000010e56a049,1,0,0
steam:110000111a817de,1,0,0
steam:110000109470248,1,0,0
steam:110000103570479,1,0,0
steam:11000010e2f2f1f ,1,0,0
steam:110000104011faa,1,0,0
steam:11000010eccaf4f,1,0,0
steam:11000010018f4de,1,0,0
steam:11000010eb4b450,1,0,0
steam:11000010033a488,1,0,0
steam:11000010c7cc17b,1,0,0
steam:110000119ab4b61,1,0,0
steam:110000104231a0f,1,0,0
steam:1100001056b5448,1,0,0
steam:11000010e2f9d61,1,0,0
steam:110000109e170de,1,0,0
steam:110000103084eba,1,0,0
steam:1100001065254e8,1,0,0
steam:11000010618c28f,1,0,0
steam:11000010ec44acc,1,0,0
steam:1100001117cd98f,1,0,0
steam:110000112d70ded,1,0,0
steam:1100001015f520f,1,0,0
steam:110000101ebcecd,1,0,0
steam:110000102b36561,1,0,0
steam:11000010ee26de4,1,0,0
steam:11000010143d583,1,0,0
steam:110000101f29298,1,0,0
steam:11000010da25d6d,1,0,0
steam:11000010b73f2d7,1,0,0
steam:11000010d40bed2,1,0,0
steam:11000010978bafc,1,0,0
steam:110000104fafc18,1,0,0
steam:11000010655b6a6,1,0,0
steam:11000010282d4f2,1,0,0
steam:11000013427645c,1,0,0
steam:11000010b0f5841,1,0,0
steam:1100001105db55c,1,0,0
steam:1100001065fdba3,1,0,0
steam:1100001092ac8c6,1,0,0
steam:110000105b793f8,1,0,0
steam:11000010bf37066,1,0,0
steam:1100001099e040c,1,0,0
steam:11000010dd78fcf,1,0,0
steam:11000011afc5061,1,0,0
steam:11000010e3cc75f,1,0,0
steam:11000010ac2dfea,1,0,0
steam:1100001129190b8,1,0,0
steam:11000011167f2a0,1,0,0
steam:1100001185686ca,1,0,0
steam:11000010b036684,1,0,0
steam:11000010663777a,1,0,0
steam:11000011d7a0bec,1,0,0
steam:110000102d8f506,1,0,0
steam:110000107070bcb,1,0,0
steam:110000110b1afba,1,0,0
license:125cb6b93709cf62f225409df88ff8dd7875e416,1,0,0
steam:1100001098581f4,1,0,0
steam:11000010b5ac140,1,0,0
steam:11000010e0dca69,1,0,0
steam:110000108554987,1,0,0
steam:1100001060b4fe8,1,0,0
steam:1100001091da71a,1,0,0
steam:110000109c99052,1,0,0
steam:1100001075ef4c1,1,0,0
steam:110000109415252,1,0,0
steam:110000114673492,1,0,0
steam:11000010b915700,1,0,0
steam:110000109cd5e47,1,0,0
steam:1100001194c5e51,1,0,0
steam:1100001071bcadd,1,0,0
steam:1100001088f3bac,1,0,0
steam:110000101adaac2,1,0,0
steam:11000011c8cb276,1,0,0
steam:1100001039e1ea4,1,0,0
steam:11000010e79f0b3,1,0,0
steam:11000010f12362f,1,0,0
steam:1100001010a955b,1,0,0
steam:110000118a63ed0,1,0,0
steam:1100001045c2c11,1,0,0
steam:11000010694a86b,1,0,0
steam:11000010973763e,1,0,0
steam:1100001049708f8,1,0,0
steam:11000010ae77ae5,1,0,0
steam:110000114c5db8c,1,0,0
steam:11000010d7f8133,1,0,0
steam:110000112660201,1,0,0
steam:11000010cf8958f,1,0,0
steam:45fe83d,1,0,0
steam:11000010a1210bf,1,0,0
steam:11000010ef1ef79,1,0,0
steam:11000010979de4b,1,0,0
steam:1100001145f16e6,1,0,0
steam:110000104368a69,1,0,0
steam:110000100588f74,1,0,0
steam:1100001077c1dcd,1,0,0
steam:1100001152c284f,1,0,0
steam:1100001099f21ce,1,0,0
steam:110000104030391,1,0,0
steam:110000105818b58,1,0,0
steam:11000010f0f2c18,1,0,0
steam:11000010324d4f0,1,0,0
steam:1100001035488d4,1,0,0
steam:11000011566da92,1,0,0
steam:110000110773d10,1,0,0
steam:1100001346b2f1d,1,0,0
steam:11000010778215e,1,0,0
steam:11000010ae20d1b,1,0,0
steam:1100001065d6b8c,1,0,0
steam:1100001078960ba,1,0,0
steam:11000010db205f9,1,0,0
steam:11000010cf21bae,1,0,0
steam:11000011813a65a,1,0,0
steam:11000010775503a,1,0,0
steam:110000105c315d8,1,0,0
steam:11000010de58745,1,0,0
steam:110000106d55370,1,0,0
steam:1100001087a0c7d,1,0,0
steam:11000010180231f,1,0,0
steam:110000100f9a2e0,1,0,0
steam:11000011756c21b,1,0,0
steam:1100001181fbfca,1,0,0
steam:11000010a70e63d,1,0,0
steam:11000010657c051,1,0,0
steam:11000010b1dabf0,1,0,0
steam:11000011ac8b2c8,1,0,0
steam:11000010a3252b3,1,0,0
steam:1100001094687db,1,0,0
steam:11000010ae25024,1,0,0
steam:110000106af1ece,1,0,0
steam:110000101bf5b0c,1,0,0
steam:11000010c2ce0d9,1,0,0
steam:1100001342fbf45,1,0,0
steam:11000010b9928ee,1,0,0
steam:11000010aa81fe5,1,0,0
steam:1100001086dae61,1,0,0
steam:110000104dca93b,1,0,0
steam:11000010ee4841c,1,0,0
steam:11000010313e58a,1,0,0
steam:11000010c3d6017,1,0,0
steam:11000010d44bd03,1,0,0
steam:110000113b593af,1,0,0
steam:11000010238321f,1,0,0
license:c35fb8689a4bcec9d7d39ae84f2ea57093a3e5d2,1,0,0
steam:110000117ba191a,1,0,0
steam:11000011463ef07,1,0,0
steam:1100001094118d4,1,0,0
steam:110000104047e31,1,0,0
steam:1100001143cbcdf,1,0,0
steam:11000010e1d2922,1,0,0
steam:5d9c966,1,0,0
steam:11000010bb392cc,1,0,0
steam:11000010e8f1545,1,0,0
steam:110000118f4e7c0,1,0,0
steam:11000010d6862e6,1,0,0
steam:110000112df3ed7,1,0,0
steam:1100001142e07f9,1,0,0
steam:110000112890b07,1,0,0
steam:11000010e6ac7ec,1,0,0
steam:11000010c7a0adc,1,0,0
steam:1100001003d06ec,1,0,0
steam:110000104886046,1,0,0
steam:11000010dc6749e,1,0,0
steam:1100001195d01fb,1,0,0
steam:110000107e5da30,1,0,0
steam:11000010ab8131f,1,0,0
steam:1100001022c1c49,1,0,0
steam:1100001032e6f5d,1,0,0
steam:110000103873754,1,0,0
steam:110000116af317f,1,0,0
steam:110000134b5149f,1,0,0
steam:110000134b37ec5,1,0,0
steam:110000115aee17c,1,0,0
steam:11000010f059895,1,0,0
steam:110000134a6ac6b,1,0,0
steam:11000010d9aa86f,1,0,0
steam:110000111b1b65e,1,0,0
steam:11000010e395903,1,0,0
steam:1100001058a137c,1,0,0
steam:110000101ecbb74,1,0,0
steam:11000010966ba46,1,0,0
steam:1100001109ce234,1,0,0
steam:110000134c22d7a,1,0,0
steam:1100001072b7865,1,0,0
steam:11000010b10632d,1,0,0
steam:110000105af23dc,1,0,0
steam:110000117875d42,1,0,0
steam:110000100917a3d,1,0,0
steam:1100001044f0fa2,1,0,0
steam:1100001004eecb9,1,0,0
steam:110000106201715,1,0,0
steam:1100001077c3a27,1,0,0
steam:110000116e69cfe,1,0,0
steam:11000011b10852a,1,0,0
steam:1100001053d1e66,1,0,0
steam:110000109fdbdfd,1,0,0
steam:11000010e91367f,1,0,0
steam:110000105563aad,1,0,0
steam:11000013367b886,1,0,0
steam:11000010724f8fb,1,0,0
steam:110000112a1c1d5,1,0,0
steam:1100001097f951d,1,0,0
steam:110000109cd86f7,1,0,0
steam:110000112b248bb,1,0,0
steam:11000011567d759,1,0,0
steam:11000010376ed5e,1,0,0
steam:11000011786810d,1,0,0
steam:11000011aa5a5b8,1,0,0
steam:1100001063a1f34,1,0,0
steam:1100001059e9558,1,0,0
steam:11000010b35efc1,1,0,0
steam:110000101e93704,1,0,0
steam:11000011917fb48,1,0,0
steam:11000010603cf2d,1,0,0
steam:110000119678bbb,1,0,0
steam:11000010e9e02fc,1,0,0
steam:110000109974b80,1,0,0
steam:110000111e36959,1,0,0
steam:110000100350673,1,0,0
steam:110000101608d09,1,0,0
steam:1100001118f2faa,1,0,0
steam:11000011b3abfc7,1,0,0
steam:1100001151b3da8,1,0,0
steam:1100001034bfc93,1,03-07-2019,17-07-2019
steam:11000010c142262,1,0,0
steam:1100001056b0220,1,0,0
steam:110000116bfafaa,1,0,0
steam:11000010bdad7e0,1,0,0
steam:110000101a153aa,1,0,0
steam:1100001093d3b5c,1,0,0
steam:11000010690032e,1,0,0
steam:110000108a11359,1,0,0
steam:110000114b72fa6,1,0,0
steam:110000107f54d9e,1,0,0
steam:11000010df9e989,1,0,0
steam:110000112263893 ,1,0,0
steam:1100001112e6b94,1,0,0
steam:11000010eb4b451,1,0,0
steam:110000112a86e4c,1,0,0
steam:110000108e56088,1,0,0
steam:110000112d778ea,1,0,0
steam:11000013551c3e5,1,0,0
steam:110000107b4720b,1,0,0
steam:110000107e1b7a9,1,0,0
steam:11000011d0d56f4,1,0,0
steam:11000010e395902,1,0,0
steam:11000011d0d56f0,1,0,0
steam:11000010e2f2f18,1,0,0
steam:1100001138a73e5,1,0,0
steam:110000104026559,1,0,0
steam:1100001017fbf8a,1,0,0
steam:11000011706d4c4,1,0,0
steam:110000116d8cc5b,1,0,0
steam:110000115690d8d,1,0,0
steam:110000101ad7279,1,0,0
steam:1100001145df48c,1,0,0
steam:110000103678a77,1,0,0
steam:11000010473c369,1,0,0
steam:11000010063cfaa,1,0,0
steam:110000112e969c0,1,0,0
steam:110000113eb321b,1,0,0
steam:110000133a953a4,1,0,0
steam:110000101491633,1,0,0
steam:11000011ac54377,1,0,0
steam:11000010762222b,1,0,0
steam:11000010d9de2e7,1,0,0
steam:1100001365dedf7,1,0,0
steam:110000100da43e2,1,0,0
steam:11000010c728127,1,0,0
steam:11000010c344348,1,0,0
steam:11000010bdbacb4,1,0,0
steam:110000110b24154,1,0,0
steam:11000010c12b70a,1,0,0
steam:11000010986c530,1,0,0
steam:110000117260f07,1,0,0
steam:110000113dbdb76,1,0,0
steam:1100001101942b8,1,0,0
steam:110000110b9e11a,1,0,0
steam:110000109d83411,1,0,0
steam:11000010bf04860,1,0,0
steam:11000011344c461,1,0,0
steam:1100001034d7748,1,0,0
steam:1100001344aa72b,1,0,0
steam:1100001000056ba,1,0,0
steam:110000106a20571,1,0,0
steam:110000109442d3e,1,0,0
steam:1100001071c70ad,1,0,0
steam:11000010aeaebf9,1,0,0
steam:11000010f871034,1,0,0
steam:11000011297142a,1,0,0
steam:11000010a066d1d,1,0,0
steam:110000104671bd8,1,0,0
steam:1100001121ffd5b,1,0,0
steam:1100001031bfbe3,1,0,0
steam:11000010a9733c4,1,0,0
steam:11000010891a49a,1,0,0
steam:11000010426d2c2,1,0,0
steam:11000011299a056,1,0,0
steam:1100001119cc1b3,1,0,0
steam:11000010786e3d8,1,0,0
steam:11000011b6af3e4,1,0,0
steam:110000102c70147,1,0,0
steam:11000011762ffd2,1,0,0
steam:1100001023925a0,1,0,0
steam:110000134dfc603,1,0,0
steam:11000011a293dde,1,0,0
steam:11000011219f1f6,1,0,0
steam:1100001125d90f9,1,0,0
steam:1100001064357e8,1,0,0
steam:1100001098d5b0d,1,0,0
steam:76561198120524557,1,0,0
steam:110000109b68b7e,1,0,0
steam:76561198123223934,1,0,0
steam:1100001012c4cbb,1,0,0
steam:11000011292708a,1,0,0
steam:11000010d1b5023,1,0,0
steam:1100001077c397c,1,0,0
steam:110000111c4d498,1,0,0
steam:11000010321de34,1,0,0
steam:110000107ec43e7,1,0,0
steam:110000107fe4577,1,0,0
steam:11000010619fefe,1,0,0
steam:1100001048ffb91,1,0,0
steam:110000111a21819,1,0,0
steam:1100001158d69cb,1,0,0
steam:110000105b04d6a,1,0,0
steam:4190af78,1,0,0
steam:1100001144b17c4,1,0,0
steam:199c84de21,1,0,0
steam:110000135713f5e,1,0,0
steam:11000011c3616e2,1,0,0
steam:11000010c3c875a,1,0,0
steam:a7d8ca,1,0,0
steam:1100001142b9467,1,0,0
steam:110000134b29acb,1,0,0
steam:110000109b1b334,1,0,0
steam:110000135c0f3a5,1,0,0
steam:110000135382337,1,0,0
steam:11000010a24b023,1,0,0
steam:11000011ac60c55,1,0,0
steam:110000118303a8d,1,0,0
steam:110000105ec4201,1,0,0
steam:110000107365c9e,1,0,0
steam:11000010b6851da,1,0,0
steam:110000114f0abbe,1,0,0
steam:11000013526d478,1,0,0
steam:11000010e2f6e49,1,0,0
steam:110000108c5bc7c,1,0,0
steam:11000010973c72f,1,0,0
steam:1100001320061b1,1,0,0
steam:1100001320c9254,1,0,0
steam:110000132165d55,1,0,0
steam:11000010a8af176,1,0,0
steam:110000115c39561,1,0,0
steam:110000116bdb8f2,1,0,0
steam:11000010ecdbce4,1,0,0
steam:11000010af8bb4a,1,0,0
steam:110000107caa6f0,1,0,0
steam:11000010a190ae3,1,0,0
steam:11000010e363589,1,0,0
steam:110000113af5462,1,0,0
steam:110000110c1a59e,1,0,0
steam:11000010a6f9f05,1,0,0
steam:11000010d5dce31,1,0,0
steam:1100001047d66f7,1,0,0
steam:1100001015275e5,1,0,0
steam:11000010896a892,1,0,0
steam:110000109350c0e,1,0,0
steam:1100001002f2c5f,1,0,0
steam:110000108cfa9ae,1,0,0
steam:110000116f68242,1,0,0
steam:110000109aad7f5,1,0,0
steam:110000114b9921b,1,0,0
steam:11000010d3a3763,1,0,0
steam:110000110a26d34,1,0,0
steam:110000112904312,1,0,0
steam:11000011172bd4f,1,0,0
steam:1100001125580a6,1,0,0
steam:110000109d83cb2,1,0,0
steam:110000106cf2a82,1,0,0
steam:110000111c779dd,1,0,0
steam:1100001140d18c5,1,0,0
steam:11000010af9fea2,1,0,0
steam:11000010ecef101,1,0,0
steam:11000011206f33a,1,0,0
steam:11000011a30667f,1,0,0
steam:11000010cd87bdd,1,0,0
steam:11000010796664b,1,0,0
steam:11000010651d815,1,0,0
steam:110000105e53f6a,1,0,0
steam:110000107afe13c,1,0,0
steam:110000113908864,1,0,0
steam:1100001106c4bc0,1,0,0
steam:11000010eaca813,1,0,0
steam:110000116388b7a,1,0,0
steam:1100001126e7165,1,0,0
steam:110000110e45906,1,0,0
steam:1100001129828e7,1,0,0
steam:110000133cd7ed1,1,0,0
steam:4a7e8ad,1,0,0
steam:1100001110cf618,1,0,0
steam:1100001094fd15b,1,0,0
steam:1100001132ce269,1,0,0
steam:11000010bda9d58,1,0,0
steam:11000010a348257,1,0,0
steam:1100001072811d2,0,0,0
steam:110000118bc8923,1,0,0
steam:11000010dad6a31,1,0,0
steam:1100001117ac960,1,0,0
steam:110000105275365,1,0,0
steam:1100001025078eb,1,0,0
steam:110000113e3550e,1,0,0
steam:11000010b3b6a89,1,0,0
steam:110000107eb600c,1,0,0
steam:110000135826867,1,0,0
steam:110000112282e94,1,0,0
steam:110000112cc4a59,1,0,0
steam:110000135b3c0db,1,0,0
steam:110000135a21786,1,0,0
steam:1100001361d86f2,1,0,0
steam:11000013237259a,1,0,0
steam:110000112cd1c1e,1,0,0
steam:68e77f4,1,0,0
steam:11000010ae07ea8,1,0,0
steam:11000010ad6a5f9,1,0,0
steam:110000102846504,1,0,0
steam:110000105e4f1c8,1,0,0
steam:1100001327234e2,1,0,0
steam:11000011a867f6d,1,0,0
steam:11000011d4697e3,1,0,0
steam:110000101c40f90,1,0,0
steam:1100001038ab4ba,1,0,0
steam:11000010ba04767,1,0,0
steam:110000114bc5df1,1,0,0
steam:1100001141c3aa2,1,0,0
steam:110000113aaf940,1,0,0
steam:110000132c29e79,1,0,0
steam:1100001126b24c4,1,0,0
steam:1100001165b3aec,1,0,0
steam:11000013430fed0,1,0,0
steam:11000010e68ba4b,1,0,0
steam:11000011afca9da,1,0,0
steam:110000112f672a0,1,0,0
steam:110000106e795b4,1,0,0
steam:110000134741dc4,1,0,0
steam:1100001118b9d89,1,0,0
steam:11000010c1d3e8b,1,0,0
steam:11000011abfecec,1,0,0
steam:11000011648c672,1,0,0
steam:110000103f67873,1,0,0
steam:11000010ec054a0,1,0,0
steam:1100001027fa661,1,0,0
steam:1100001116a1c58,1,0,0
steam:110000104b83cf5,1,0,0
steam:68e77e7,1,0,0
steam:110000103a0a73f,1,0,0
steam:4190b043,1,0,0
steam:1100001347f4a87,1,0,0
steam:110000135fc1cd9,1,0,0
steam:110000109bf7b76,1,0,0
steam:110000114328b8e,1,0,0
steam:11000011c252d8a,1,0,0
steam:1100001061b808d,1,0,0
steam:11000010652eb72,1,0,0
steam:11000010719cce2,1,0,0
steam:11000010a3e0628,1,0,0
steam:11000010a30b567,1,0,0
steam:110000111e900cb,1,0,0
steam:1100001040759e7,1,0,0
steam:110000105a174af,1,0,0
steam:110000119d19c60,1,0,0
steam:110000102904d97,1,0,0
steam:1100001115a1fb4,1,0,0
steam:11000010f05a4a9,1,0,0
steam:1100001357d7e23,1,0,0
steam:110000102a735ba,1,0,0
steam:11000010a610201,1,0,0
steam:1100001161c9eb2,1,0,0
steam:11000010e281d6b,1,0,0
steam:11000010bbb10fd,1,0,0
steam:110000135ac8d28,1,0,0
steam:11000010609e543,1,0,0
steam:110000103446360,1,0,0
steam:110000104d5a900,1,0,0
steam:1100001320c6ebf,1,0,0
steam:110000105cb803a,1,0,0
steam:1100001364a72e8,1,0,0
steam:110000103ea7d51,1,0,0
steam:11000010b8d56a1,1,0,0
steam:11000010284a433,1,0,0
steam:11000011d3fa1d1,1,0,0
steam:28fa6e2e6,1,0,0
steam:110000106323d15,1,0,0
steam:1100001128de5d8,1,0,0
steam:1100001166f00b3,1,0,0
steam:11000011508792e,1,0,0
steam:1100001019d66a6,1,0,0
steam:11000011cacbc5d,1,0,0
steam:11000010735359a,1,0,0
steam:11000010debfcfb,1,0,0
steam:11000011cb487ba,1,0,0
steam:110000106c7a857,1,0,0
steam:1100001003D06F0,1,0,0
steam:110000112865eaa,1,0,0
steam:110000117f538f2,1,0,0
steam:110000132191920,1,0,0
steam:11000011d569a40,1,0,0
steam:11000010db87fd7,1,0,0
steam:11000010a8487a5,1,0,0
steam:11000010ff311fc,1,0,0
steam:1100001038c47ba ,1,0,0
steam:11000010e6b96a0,1,0,0
steam:11000011744bf37,1,0,0
steam:110000112db8ffd ,1,0,0
steam:110000109ae6499,1,0,0
steam:1100001088844c0 ,1,0,0
steam:110000135433eb2,1,0,0
steam:11000011061238c,1,0,0
steam:1100001044b03c1,1,0,0
steam:110000135b02f2a,1,0,0
steam:1100001131693ba,1,0,0
steam:11000010e8f3dd1,1,0,0
steam:110000114ff6e14,1,0,0
steam:110000111db0bf7,1,0,0
steam:1100001046eb3f4,1,0,0
steam:110000114edb968,1,0,0
steam:11000010c53c786,1,0,0
steam:110000107b6a584,1,0,0
steam:11000010b3edd80,1,0,0
steam:110000109f3b58a,1,0,0
steam:11000011b22c340,1,0,0
steam:1100001075f1b9a,1,0,0
steam:1100001129d31d7,1,0,0
steam:0,1,0,0
steam:110000108137734,1,0,0
steam:11000010024882b,1,0,0
steam:68e77ed,1,0,0
steam:110000109b59383,1,0,0
steam:1100001152175f8,1,0,0
steam:11000011b5f5f75,1,0,0
steam:11000010a0d8e85,1,0,0
steam:110000115ba41d8,1,0,0
steam:110000106fea9c9,1,0,0
steam:11000010270dbb8,1,0,0
steam:110000101865fe4,1,0,0
steam:11000010ec44ad0,1,0,0
steam:110000110b88476,1,0,0
steam:110000100240847,1,0,0
steam:11000010e0bd43d,1,0,0
steam:1100001129a8212,1,0,0
steam:11000011657a29b,1,0,0
steam:110000113653838,1,0,0
steam:110000101c4d4b3,1,0,0
steam:110000111f4cb09,1,0,0
steam:11000011895285b,1,0,0
steam:110000115c8ca80,1,0,0
steam:11000011222000e,1,0,0
steam:110000111793cbb,1,0,0
steam:11000010e7b496c,1,0,0
steam:1100001353d3581,1,0,0
steam:11000011254f7db,0,0,0
steam:110000136707f5b,1,0,0
steam:11000010beeb2c6,1,0,0
steam:110000111891e4d,1,0,0
steam:1100001097c7737,1,0,0
steam:110000105bc397e,1,0,0
steam:1100001085afc04,1,0,0
steam:11000011b0b05ca,1,0,0
steam:110000101ff55b3,1,0,0
steam:1100001094d68fa,1,0,0
steam:68e7807,1,0,0
steam:11000011495799a,1,0,0
steam:110000105f65852,1,0,0
steam:11000010b4f5862,1,0,0
steam:11000013673e080,1,0,0
steam:11000010bf1649d,1,0,0
steam:1100001119fb8d7,1,0,0
steam:110000105b5b0cc,1,0,0
steam:11000011141118e,1,0,0
steam:110000117c831ad,1,0,0
steam:110000136be3223,1,0,0
steam:110000111437656,1,0,0
steam:1100001365912a7,1,0,0
steam:110000136a6fdde,1,0,0
steam:11000013333b78c,1,0,0
steam:110000113e429e3,1,0,0
steam:110000117a4ce8f,1,0,0
steam:11000011a7b95f7,1,0,0
steam:1100001099eda05,1,0,0
steam:110000109f27166,1,0,0
steam:110000136874090,1,0,0
steam:110000113457f28,1,0,0
steam:11000013542b199,1,0,0
steam:110000113fabac3,1,0,0
steam:110000139316d2f,1,0,0
steam:1100001047e8b87,1,0,0
steam:1100001372c039e,1,0,0
steam:110000105f355f9,1,0,0
steam:11000011b75cf30,1,0,0
steam:11000010864ddbb,1,0,0
steam:7fffffff,1,0,0
steam:1100001176b696d,1,0,0
steam:110000134aa78da,0,0,0
steam:1100001134de241,0,0,0
steam:11000010b7ff5cb,0,0,0
steam:11000013a3dd7c0,1,0,0
steam:1100001115e7710,0,0,0
steam:110000134d458b2,0,0,0
steam:1100001398eaf10,0,0,0
steam:1100001181aa2e3,0,0,0
steam:11000010abb3ad2,1,0,0
steam:11000010b38f5a3,0,0,0
steam:1100001060dfa98,1,0,0
steam:1100001010fd282,1,0,0
steam:110000117752d5e,1,0,0
steam:1100001323691b6,1,0,0
steam:1100001007704ac,1,0,0
steam:11000010b9ca9ce,1,0,0
steam:110000113701257,1,0,0
steam:110000119a2b2ad,1,0,0
steam:110000107eb7dd2,0,0,0
steam:110000111570dbe,1,0,0
steam:11000013202a1fb,1,0,0
steam:11000010843d743,1,0,0
steam:1100001162487d2,1,0,0
steam:11000010733836d,1,0,0
steam:110000102034c60,1,0,0
steam:11000010733f0ba,0,0,0
steam:11000011ad39672,1,0,0
steam:110000101be4d98,1,0,0
steam:11000010b395735,1,0,0
steam:1100001174b9ee3,1,0,0
steam:11000010b075337,1,0,0
steam:110000103c4a2ef,1,0,0
steam:11000010bd46cc9,1,0,0
steam:11000010d79895a,1,0,0
steam:11000010a5d8492,1,0,0
steam:110000136702189,1,0,0
steam:11000010509cfc0,1,0,0
steam:11000011a4e6a2e,1,0,0
steam:11000010d4829db,1,0,0
steam:11000013487704a,1,0,0
steam:11000010db35615,1,0,0
steam:110000114536c09,0,0,0
steam:1100001128b3639,1,0,0
steam:110000139e63f12,1,0,0
steam:110000101cef60c,1,0,0
steam:1100001147d293f,1,0,0
steam:1100001358d6e36,0,0,0
steam:11000010c607065,1,0,0
steam:1100001196d5539,0,0,0
steam:11000010dc355cf,0,0,0
steam:11000011473017d,1,0,0
steam:1100001382bd77e,1,0,0
steam:110000111b6e7d6,1,0,0
steam:110000109c62720,1,0,0
steam:11000010f7fddcd,1,0,0
steam:11000013a178522,1,0,0
steam:11000010b2da5a3,1,0,0
steam:11000010073ece5,1,0,0
steam:110000102133916,1,0,0
steam:1100001148f8bbf,1,0,0
steam:11000010044fd83,1,0,0
steam:1100001102df918,1,0,0
steam:11000013598c992,1,0,0
steam:11000010e288321,1,0,0
steam:11000010dab6b55,1,0,0
steam:110000117bb49b7,1,0,0
steam:110000103409877,1,0,0
steam:1100001027373ce,1,0,0
steam:1100001363c3086,1,0,0
steam:11000010addf361,1,0,0
steam:1100001151f37b0,1,0,0
steam:110000109a07645,1,0,0
steam:1100001147a25ee,1,0,0
steam:11000010de82196,1,0,0
steam:110000113d8313d,1,0,0
steam:110000111944510,1,0,0
steam:110000136a8ca1b,1,0,0
steam:11000013995049c,1,0,0
steam:11000013665a698,1,0,0
steam:11000010e79ebc5,1,0,0
steam:110000104253d7d,1,0,0
steam:11000010f11332b,1,0,0
steam:1100001166805e6,1,0,0
steam:76561198053426602,1,0,0
steam:110000139bdb3a9,1,0,0
steam:4190af22,1,0,0
steam:11000010be0c000,1,0,0
steam:11000011a6ddd7d,1,0,0
steam:110000136549b0b,1,0,0
steam:1100001146e12b8,1,0,0
steam:110000116b5fe83,1,0,0
steam:110000108cb2ffb,1,0,0
steam:1100001015a389b,1,0,0
steam:11000010536b61b,1,0,0
steam:11000011a8eed9a,1,0,0
steam:110000101e5d385,1,0,0
steam:110000108add548,1,0,0
steam:110000114a16fdc,1,0,0
steam:1100001134e99f9,1,0,0
steam:11000013a6b4ac3,1,0,0
steam:110000108660f93,1,0,0
steam:1100001097da83c,1,0,0
steam:110000115227e0c,1,0,0
steam:1100001000e393a,1,0,0
steam:1100001160e7c5f,1,0,0
steam:11000010e320ccf,1,0,0
steam:11000010458eef2,1,0,0
steam:110000135e1a203,1,0,0
steam:110000133910734,1,0,0
steam:110000108fd9490,1,0,0
steam:1100001080a451b,1,0,0
steam:110000110ac1894,1,0,0
steam:1100001098a6ea8,1,0,0
steam:110000111ecbdf5,1,0,0
steam:110000136408adc,1,0,0
steam:11000010bc873e5,1,0,0
steam:1100001353325d3,1,0,0
steam:1100001333117d9,1,0,0
steam:1100001364b74b4,1,0,0
steam:110000100dc5b13,1,0,0
steam:110000103e93b4b,1,0,0
steam:1100001126f6bc9,1,0,0
steam:11000011b002185,1,0,0
steam:1100001170bb65e,1,0,0
steam:110000113baa5ff,1,0,0
steam:110000133c4fb14,1,0,0
steam:11000010a1efd84,1,0,0
steam:11000010b82dd62,1,0,0
steam:110000104a35c47,1,0,0
steam:110000114304ad4,1,0,0
steam:11000010966c705,1,0,0
steam:110000103f584d6,1,0,0
steam:1100001144f4604,1,0,0
steam:110000105693f54,1,0,0
steam:11000010ff9f974,1,0,0
steam:110000104c02f75,1,0,0
steam:11000010ab96312,1,0,0
steam:11000010151b3fb,1,0,0
steam:11000010e39a605,1,0,0
steam:110000100f14acd,1,0,0
steam:1100001019c896c,1,0,0
steam:110000104ea5d91,1,0,0
steam:11000010e694487,1,0,0
steam:1100001340f7ac8,1,0,0
steam:11000010a6a83e4,1,0,0
steam:110000103150d74,1,0,0
steam:110000101c2ba68,1,0,0
steam:110000115b6e565,1,0,0
steam:110000102492dab,1,0,0
steam:11000010b6fb8ff,1,0,0
steam:1100001078c0669,1,0,0
steam:11000010d8a6d49,1,0,0
steam:11000011cef7c79,1,0,0
steam:110000115b86010,1,0,0
steam:11000010b257802,1,0,0
steam:https://steamcommunity.com/profiles/76561198023724477/,1,0,0
steam:110000103c84dbd,1,0,0
steam:1100001025d3ff9,1,0,0
steam:110000137283d1f,1,0,0
steam:110000115cde636,1,0,0
steam:110000113433f40,1,0,0
steam:11000010aa50d2b,1,0,0
steam:640b67140da2,1,0,0
steam: 110000102820b7d,1,0,0
steam:110000136229ac5,1,0,0
steam:11000011d5588e2,1,0,0
steam:110000114c69572,1,0,0
steam:110000102f603cc,1,0,0
steam:11000010dd4caef,1,0,0
steam:76561197997018115,1,0,0
steam:11000010ce2b6cf,1,0,0
steam:110000105e667cc,1,0,0
steam:11000013a901b76,1,0,0
steam:110000103f06765,1,0,0
steam:11000011c6eea56,1,0,0
steam:11000010b0bc6b5,1,0,0
steam:1100001113f6cce,1,0,0
steam:1100001192336a3,1,0,0
steam:110000117b9590f,1,0,0
steam:110000105e63cd7,1,0,0
steam:11000010a48422e,1,0,0
steam:poijiojop,1,0,0
steam:opkpoikpo,1,0,0
steam:1100001025ffefb,1,0,0
steam:110000109128173,1,0,0
steam:11000010515373c,1,0,0
steam:11000010cf4a1f9,1,0,0
steam:76561198177624569,1,0,0
steam:1100001097b7ffb,1,0,0
steam:4190af49,1,0,0
steam:1100001386edfdf,1,0,0
steam:4190b06a,1,0,0
steam:76561198907056095,1,0,0
steam:1100001146c154e,1,0,0
steam:11000013645cabf,1,0,0
steam:11000010cfe86c5,1,0,0
steam:11000013ad5aa4a,1,0,0
steam:1100001001aaa4b,1,0,0
steam:110000106da66b1,1,0,0
steam:110000114af659a,1,0,0
steam:110000109238e3c,1,0,0
steam:110000106735bf4,1,0,0
steam:110000112ae7b33,1,0,0
steam:11000011c0cc060,1,0,0
steam:110000103056930,1,0,0
steam:1100001052ff31a,1,0,0
steam:110000133c988e5,1,0,0
steam:11000010a958894,1,0,0
steam:110000117fc549a,1,0,0
steam:1100001192b48ea,1,0,0
steam:110000136005f27,1,0,0
steam:11000010d146d27,1,0,0
steam:11000011a5904e2,1,0,0
steam:110000119609dc5,1,0,0
steam:110000110618680,1,0,0
steam:110000105d83cce,1,0,0
steam:110000119d3fd00,1,0,0
steam:110000101342676,1,0,0
steam:11000010f263c7f,1,0,0
steam:1100001026194cc,1,0,0
steam:11000013aca2345,1,0,0
steam:110000115233d92,1,0,0
steam:110000105d8c2d2,1,0,0
steam:110000103fd5d2f,1,0,0
steam:110000134e4a929,1,0,0
steam:110000100cb852f,1,0,0
steam:110000106280673,1,0,0
steam:110000136a44424,1,0,0
steam:11000011853ae5e,1,0,0
steam:1100001070695e2,1,0,0
steam:110000104ac11a0,1,0,0
steam:110000103ff50ee,1,0,0
steam:11000011cbb7498,1,0,0
steam:1100001198a0f76,1,0,0
steam:11000010504b2eb,1,0,0
steam:1100001088b2aab,1,0,0
steam:110000105c7f81d,1,0,0
steam:76561197980460662,1,0,0
steam:110000114419de2,1,0,0
steam:1100001131b50af,1,0,0
steam:110000109849d33,1,0,0
steam:1100001322f6993,1,0,0
steam:1100001078fbbec,1,0,0
steam:110000101afbe23,1,0,0
steam:1100001360b192d,1,0,0
steam:11000010e8769b0,1,0,0
steam:11000010ac74881,1,0,0
steam:11000010dc5cf21,1,0,0
steam:11000010dccd4c5,1,0,0
steam:11000010a1c2980,1,0,0
steam:11000013753b19d,1,0,0
steam:110000100421f10,1,0,0
steam:11000010c3d2366,0,0,0
steam:11000011bcc0806,1,0,0
steam:11000011426159a,1,0,0
steam:11000011a7bcbdb,1,0,0
steam:1100001017d24bb,1,0,0
steam:110000138460d64,1,0,0
steam:1100001077dd623,1,0,0
steam:110000101342670,0,0,0
steam:110000100f32264,1,0,0
steam:110000100a13bc4,1,0,0
steam:1100001359b8621,1,0,0
steam:1100001082a5059,1,0,0
steam:110000134e2b06b,1,0,0
steam:110000101cc9fae,1,0,0
steam:110000111eeb60b,1,0,0
steam:1100001000146d6,1,0,0
steam:110000131f1474d,1,0,0
steam:1100001065dcf08,1,0,0
steam:11000010913b0ca,1,0,0
steam:11000013582f618,1,0,0
steam:11000010c3ac3ab,1,0,0
steam:1100001374079e3,1,0,0
steam:11000011396f587,1,0,0
steam:1100001069eb002,1,0,0
steam:110000106f38c2a,1,0,0
steam:11000013253fda7,1,0,0
steam:11000010b355ac6,1,0,0
steam:110000103bad3da,1,0,0
steam:110000106ae3e60,1,0,0
steam:110000119ab7d41,1,0,0
steam:11000011841c0e3,1,0,0
steam:110000119ba3758,1,0,0
steam:110000139bbbce5,1,0,0
steam:11000010adb7310,1,0,0
steam:11000013751d2d0,1,0,0
steam:110000100203b50,1,0,0
steam:110000136c579ff,1,0,0
steam:1100001163bdb03,1,0,0
steam:11000013751d2d6,1,0,0
steam:110000100203b57,1,0,0
steam:1100001035128ff,1,0,0
steam:11000010a84096d,1,0,0
steam:110000102b6719d,1,0,0
steam:110000113cfcc75,1,0,0
steam:11000010ebb3119,1,0,0
steam:1100001092b6c5b,1,0,0
steam:110000112d6a726,1,0,0
steam:11000010a3d1d15,1,0,0
steam:1100001144b4ecd,1,0,0
steam:110000107426d1e,1,0,0
steam:1100001182ba602,1,0,0
steam:11000010e078539,1,0,0
steam:1100001351512f1,1,0,0
steam:1100001116748cc,1,0,0
steam:110000100134c40,1,0,0
steam:11000010f194a70,1,0,0
steam:11000011c315c40,1,0,0
steam:11000010a3121e0,1,0,0
steam:110000100134c3c,1,0,0
steam:11000011c315c47,1,0,0
steam:11000010c4aa2ee,1,0,0
steam:11000011189040f,1,0,0
steam:1100001368d7bb8,1,0,0
steam:1100001360fe96c,1,0,0
steam:11000010bf00cbf,1,0,0
steam:110000108eb4349,0,0,0
steam:11000010bf20e69,1,0,0
steam:1100001053c913c,1,0,0
steam:1100001041f0567,1,0,0
steam:1100001070240cf,1,0,0
steam:110000107fa453c,0,0,0
steam:110000102355bbb,1,0,0
steam:1100001364e54ba,1,0,0
steam:110000111b7f3d4,1,0,0
steam:110000109dcbd7d,1,0,0
steam:1100001068928b2,1,0,0
steam:110000107319e58,1,0,0
steam:11000010ab10629,1,0,0
steam:11000010d595206,1,0,0
steam:11000010532fdf9,1,0,0
steam:11000010ce09ed5,1,0,0
steam:110000108a97e08,1,0,0
steam:1100001124f5567,1,0,0
steam:110000111b0e798,1,0,0
steam:110000132e09ac5,1,0,0
steam:110000102cbdfd2,1,0,0
steam:11000010bf92205,1,0,0
steam:110000101955978,1,0,0
steam:11000010c6fc367,0,0,0
steam:110000110c51d04,1,0,0
steam:11000010e0ee7ce,1,0,0
steam:11000010b8d3099,1,0,0
steam:11000010c4bcdc8,1,0,0
steam:11000010e96309d,1,0,0
steam:11000010d28d31b,1,0,0
steam:110000112b38f72,1,0,0
steam:11000010a88b28f,1,0,0
steam:11000011142f816 ,1,0,0
steam:11000010d2bf705,1,0,0
steam:110000111c3c893,1,0,0
steam:1100001089a017c,1,0,0
steam:110000108897b54,1,0,0
steam:1100001076e1d67,1,0,0
steam:11000010f525fd8,1,0,0
steam:110000137a913c2,0,0,0
steam:110000134fd0154,1,0,0
steam:11000010f228390,1,0,0
steam:11000010ee5c2d0,1,0,0
steam:1100001176b2fd7,1,0,0
steam:110000118442918,1,0,0
steam:110000105bff9aa,1,0,0
steam:11000010f35dc07,1,0,0
steam:11000010f493224,1,0,0
steam:76561198080407168,1,0,0
steam:110000107293680,1,0,0
steam:11000010ed05335,1,0,0
steam:110000103650b1f,1,0,0
steam:110000100a05178,1,0,0
steam:11000010f22838b,1,0,0
steam:68e77f1,1,0,0
steam:11000013995839f,1,0,0
steam:110000110fbe5ce,1,0,0
steam:110000102cc82ce,1,0,0
steam:76561198140357514,1,0,0
steam:76561198089068864,1,0,0
steam: 76561198120389342,1,0,0
steam:STEAM_1:0:80061807 ,1,0,0
steam: [U:1:160123614],1,0,0
steam:76561198120389342,1,0,0
steam:1100001098b4ade,1,0,0
steam:110000114eb66b2,1,0,0
steam: 110000116025ee0,1,0,0
steam:11000011355c215,1,0,0
steam:11000010C983FCB,1,0,0
steam:1100001084e2bdc,1,0,0
steam:110000116025ee0,1,0,0
steam:11000010274cd40,1,0,0
steam:[U:1:211304395],1,0,0
steam:STEAM_0:1:105652197,1,0,0
steam: 76561198171570123,1,0,0
steam:110000106ae3e63,1,0,0
steam:110000102af5a69,1,0,0
steam:11000010bdf4734,1,0,0
steam:76561198150220146,1,0,0
steam:76561198105791851,1,0,0
steam:110000114B59600,1,0,0
steam:76561198201173735,1,0,0
steam:76561198256683679,1,0,0
steam:76561197960287930,1,0,0
steam:STEAM_0:1:120454003,1,0,0
steam:U:1:240908007,1,0,0
steam:240908007,1,0,0
steam:76561198307710464,1,0,0
steam:STEAM_0:0:0,1,0,0
steam:[U:1:0],1,0,0
steam:11000010e5bf6e7,1,0,0
steam:110000105027be4,1,0,0
steam:11000011302cdf4,1,0,0
steam:11000010054b21f,1,0,0
steam:11000010b527972,1,0,0
steam:1100001171baa3c,1,0,0
steam:110000108ac8d6b,1,0,0
steam:11000010120bce5,1,0,0
steam:11000010bf7dad4,1,0,0
steam:11000010ee5c2d4,1,0,0
steam:11000010a0126ce,0,0,0
steam:11000010db654b9,1,0,0
steam:1100001128ffb20,1,0,0
steam:1100001031bb195,1,0,0
steam:110000111169d54,1,0,0
steam:110000114c4f4f9,1,0,0
steam:110000114a5e576,1,0,0
steam:11000010bdd9a91,1,0,0
steam:1100001341809a3,1,0,0
steam: 11000010c983fcb,1,0,0
steam:11000010abbfb8a,1,0,0
steam:1100001068c0f39,1,0,0
steam:11000010da9cf96,1,0,0
steam:11000013957bdf6,1,0,0
steam:110000133638241,1,0,0
steam:110000104619fbe,1,0,0
steam:11000010198e656,1,0,0
steam:11000010163866c,1,0,0
steam:1100001096ce202,1,0,0
steam:110000118e86833,1,0,0
steam:110000107d72874,1,0,0
steam:11000010ca1c19d,1,0,0
steam:a7d8cb,1,0,0
steam:110000139e036b6,1,0,0
steam:11000013b4f7f07,1,0,0
steam:110000112992b23,1,0,0
steam:11000010bebb1fb,1,0,0
steam:11000011cb17adc,1,0,0
steam:11000010932a7fa,1,0,0
steam:11000010a9c8298,1,0,0
steam:11000011ad5a4ce,1,0,0
steam:110000108c85c22,1,0,0
steam:11000010bb3efc1,1,0,0
steam:110000135978ee2,1,0,0
steam:11000011b85c9bf,1,0,0
steam:110000103c68da2,1,0,0
steam:11000011ae2da25,1,0,0
steam:110000109b5a777,1,0,0
steam:110000113621e9f,1,0,0
steam:11000010e205e09,1,0,0
steam:11000010da84541,1,0,0
steam:110000109c66806,1,0,0
steam:110000101624a04,1,0,0
steam:11000011312a184,1,0,0
steam:11000011431bd6a,1,0,0
steam:110000108b33869,1,0,0
steam:11000011204a359,1,0,0
steam:1100001043b8c2a,1,0,0
steam:11000010c9d7790,1,0,0
steam:11000010ec18127,1,0,0
steam:1100001187d9d86,1,0,0
steam:1100001047e3634,1,0,0
steam:11000010b4f02b7,1,0,0
steam:110000108adcdbb,1,0,0
steam:11000010a8994b3,1,0,0
steam:11000011d38fffb,1,0,0
steam:1100001176ae4df,1,0,0
steam:11000010ae60942,1,0,0
steam:11000010af70d2f,1,0,0
steam:110000110da8056,1,0,0
steam:11000013570d3b7,1,0,0
steam:11000010422dccf,1,0,0
steam:11000011333b73e,1,0,0
steam:110000113340be5,1,0,0
steam:11000010d6f2b11,1,0,0
steam:1100001363525ab,1,0,0
steam:11000013396be25,1,0,0
steam:11000011d133c4b,1,0,0
steam:11000010ec943a8,1,0,0
steam:110000109eb1274,1,0,0
steam:11000010dc34169,1,0,0
steam:11000010b3e1063,1,0,0
steam:110000111c08af1,1,0,0
steam:1100001051ddbb9,1,0,0
steam:1100001004f9efd,1,0,0
steam:110000118dca313,1,0,0
steam:110000109dd0ced,1,0,0
steam:11000013a0daf00,1,0,0
steam:110000109ae5861,1,0,0
steam:1100001087770e1,1,0,0
steam:110000107cf2e57,1,0,0
steam:110000115f48d0d,1,0,0
steam:11000010bf2c875,1,0,0
steam:11000010b76cde0,1,0,0
steam:11000010a44ea74,1,0,0
steam:11000010e1fa482,1,0,0
steam:11000013ae420fb,0,0,0
steam:11000010e13e19f,1,0,0
steam:11000010662944c,1,0,0
steam: 11000010a649d28,1,0,0
steam:110000136c3d900,1,0,0
steam:1100001136b77e4,1,0,0
steam:11000010a4f9838,1,0,0
steam:11000010a649d28,1,0,0
steam:110000102c7cea2,1,0,0
steam:110000107cf0e12,1,0,0
steam:110000112310f8d,1,0,0
steam:110000105896cca,1,0,0
steam:110000133315eb4,1,0,0
steam:11000010ae49228,1,0,0
steam:11000010c504dd6,1,0,0
steam:110000114f52659,1,0,0
steam:110000103daa4cf,1,0,0
steam:1100001057bc556,1,0,0
steam:110000134bc24ce,1,0,0
steam:110000101a79580,1,0,0
steam:11000010ebfb5df,1,0,0
steam:110000105896cca,1,0,0
steam:11000010ea720eb,1,0,0
steam:11000010f4bf23d,1,0,0
steam:110000138d363e0,1,0,0
steam:110000118a1b0cb,1,0,0
steam:110000139cea013,1,0,0
steam:1100001360da5c1,1,0,0
steam:11000010231d6e5,1,0,0
steam:110000112906c82,1,0,0
steam:1100001339598aa,1,0,0
steam:11000011a725a72,1,0,0
steam:110000108daaf64,1,0,0
steam:11000010202214b,1,0,0
steam:110000105caea04,1,0,0
steam:11000010f4094a9,1,0,0
steam:11000013ada1382,1,0,0
steam:110000102682208,1,0,0
steam:110000108269103,1,0,0
steam:11000010add0bd8,1,0,0
steam:11000010190f897,1,0,0
steam:110000131d34f17,1,0,0
steam:11000010b22ed2e,1,0,0
steam:1100001090d2b28,1,0,0
steam:110000104ced672,1,0,0
steam:110000115224b27,1,0,0
steam:11000010cde10ef,1,0,0
steam:11000010741e499,1,0,0
steam:11000010e5bb4e3,1,0,0
steam:110000114b58741,1,0,0
steam:110000114193d6a,1,0,0
steam:11000010af960df,1,0,0
steam:1100001112de70a,1,0,0
steam:11000010b6c12b9,1,0,0
steam:11000011856ae6a,1,0,0
steam:1100001120c1e93,1,0,0
steam:1100001141fa57a,1,0,0
steam:11000010975162b,1,0,0
steam:110000134add723,1,0,0
steam:110000103eca26e,1,0,0
steam:110000101fd385f,1,0,0
steam:11000011d099726,1,0,0
steam:110000115b6acd4,1,0,0
steam:110000137803707,1,0,0
steam:1100001080cbd20,1,0,0
steam:110000102e1bfb8,1,0,0
steam:11000010fec1998,1,0,0
steam:11000010354d342,1,0,0
steam:11000010e6443f9,1,0,0
steam:11000010aae0221,1,0,0
steam:1100001137aa6a4,1,0,0
steam:11000013304518c,1,0,0
steam:1100001352c63bb,1,0,0
steam:11000011467950c,1,0,0
steam:110000101d03729,1,0,0
steam:110000112136a70,1,0,0
steam:11000010b7a113a,1,0,0
steam:11000010cba93cb,1,0,0
steam:110000102ac044a,1,0,0
steam:110000117ee64b4,0,0,0
steam:110000111e5ab30,1,0,0
steam:11000011515a904,1,0,0
steam:1100001377c4f69,1,0,0
steam:11000010c903d1a,1,0,0
steam:110000107d06ccb,1,0,0
steam:110000103128f79,1,0,0
steam:11000010ce7ceae,1,0,0
steam:11000010b7871c2,1,0,0
steam:110000107ed8ab2,1,0,0
steam:110000119e67904,1,0,0
steam:11000010b27405f,1,0,0
steam:1100001325a8c27,1,0,0
steam:11000010f48b2dd,1,0,0
steam:11000010be170fb,1,0,0
steam:110000111889fb0,1,0,0
steam:11000011bd8ef7c,1,0,0
steam:11000011412a10f,1,0,0
steam:11000011519ab47 ,1,0,0
steam:11000010db6532f,1,0,0
steam:11000013661b881,1,0,0
steam:1100001122370ed,1,0,0
steam:1100001178fb6e9,1,0,0
steam:11000010abb0ab4,1,0,0
steam:11000010949a37b,1,0,0
steam:11000011865aad8,1,0,0
steam:11000011778cfb5,1,0,0
steam:110000136d587ed,1,0,0
steam:110000110585d5c,1,0,0
steam:110000108da03af,1,0,0
steam:110000114c9c3b1,1,0,0
steam:11000013b2047f2 ,1,0,0
steam:11000010b2f6791,1,0,0
steam:1100001095016e3,1,0,0
steam:110000104c8409a,1,0,0
steam:11000011d1a9c32,1,0,0
steam:11000013b981d5f,1,0,0
steam:110000138c52a70,1,0,0
steam:110000136c658d0,1,0,0
steam:1100001335dcdca,1,0,0
steam:11000013ba2e71f,1,0,0
steam:1100001177ef1f7,1,0,0
steam:11000010dd2bd82,1,0,0
steam:1100001089f4e5d,1,0,0
steam:110000118932b0c,1,0,0
steam:1100001092ade5e,1,0,0
steam:110000109e439d6,1,0,0
steam:110000107fa48a4,1,0,0
steam:11000011c103d3d,1,0,0
steam:11000010990b883,1,0,0
steam:110000103f7c61d,1,0,0
steam:110000109c549de,1,0,0
steam:1100001051b8bc6,1,0,0
steam:11000010b21f7f1,1,0,0
steam:1100001177da54e,1,0,0
steam:11000010a938639,1,0,0
steam:11000010a7591be,1,0,0
steam:1100001057e63c7,1,0,0
steam:110000111a67294,1,0,0
steam:110000109b91967,1,0,0
steam:110000101906b2b,1,0,0
steam:1100001177d0ca0,1,0,0
steam:11000010b5596bf,1,0,0
steam:ddd,1,0,0
steam:1100001075d9ca0,1,0,0
steam:11000010df612d3,1,0,0
steam:110000109c5e230,1,0,0
steam:110000102af4fe1,1,0,0
steam:11000010f75f850,1,0,0
steam:110000106129a5d,1,0,0
steam:1100001031d594c,1,0,0
steam:11000011520f898,1,0,0
steam:110000106a9f2b5,1,0,0
steam:11000010dcba879,1,0,0
steam:11000010cdba662,1,0,0
steam:11000010a5cd65e,1,0,0
steam:110000136e17d85,1,0,0
steam:110000132f8470c,1,0,0
steam:11000011c206af0,1,0,0
steam:1100001008c6cad,1,0,0
steam:110000107a9bb0f,1,0,0
steam:11000011d0d4295,1,0,0
steam:11000011cc1500f,1,0,0
steam:110000133ee91c1,1,0,0
steam:11000011208d46a,1,0,0
steam:110000106738a70,1,0,0
steam:1100001073d2b1d,1,0,0
steam:110000135ac5eac,1,0,0
steam:110000134e80a66,1,0,0
steam:110000114b13e9c,1,0,0
steam:11000011535a84c,1,0,0
steam:110000132b020b1,1,0,0
steam:1100001071bc7c7,1,0,0
steam:110000117148501,1,0,0
steam:11000013bbd01a0,1,0,0
steam:110000112df467f,1,0,0
steam:110000136cf4cbf,1,0,0
steam:1100001353a7da2,1,0,0
steam:1100001061ce0d5,1,0,0
steam:11000011c2c7cea,1,0,0
steam:11000010cb3e33a,1,0,0
steam:110000132cc3872,1,0,0
steam:110000111b07fa8,1,0,0
steam:11000013a332568,1,0,0
steam:110000109e159a4,1,0,0
steam:1100001366e0d99,1,0,0
steam:1100001045a52fe,1,04-07-2019,18-07-2019
