steam:11000010b82dd62,LAMA4011,2069146067,26626,246.6831817626953,-767.0507202148438,30.25712776184082,131.4889678955078
steam:110000139714d27,04HHG547,-751163311,9730,406.0548095703125,-983.7569580078125,29.116958618164062,229.9011993408203
steam:1100001028a971d,001RS600,2113441065,27650,310.1539306640625,-2075.27001953125,17.354148864746094,28.044349670410156
steam:11000010ce5670a,62YIV730,1672195559,12546,153.5177459716797,-1032.23681640625,28.85503578186035,258.74017333984375
steam:110000115ddd132,01SQB028,1672195559,38146,407.9696044921875,-985.5177001953125,28.78152847290039,238.22634887695312
steam:11000010e5bf6e7,62NTX125,-431692672,150018,216.4838409423828,-934.503662109375,23.463239669799805,313.971923828125
steam:1100001003a9102,LAMA8099,2069146067,11778,109.65286254882812,816.8697509765625,199.11758422851562,221.47586059570312
steam:1100001073b1067,CHARDODG,1025737310,84738,-366.2484130859375,-127.60680389404297,38.33138656616211,96.88096618652344
steam:11000010e84de23,CLA45AMG,-862646468,401666,-824.119384765625,177.89930725097656,70.77037048339844,321.71728515625
steam:11000010e281d6b,BENTLEY6,113372153,928514,366.8365478515625,-1042.49658203125,28.75753402709961,17.314851760864258
steam:110000103f06765,LAMA6851,2069146067,13826,-193.8678741455078,965.656005859375,270.0470275878906,71.94304656982422
steam:110000111944510,LAMA2589,1856720760,183554,454.8927001953125,-990.8480224609375,30.23604965209961,144.08802795410156
steam:110000103150d74,LAMCENTE,-204311418,6658,433.8431701660156,-613.5501098632812,28.025901794433594,85.62000274658203
steam:1100001101366d8,04HHG547,-751163311,936194,246.65736389160156,-782.3046875,30.478750228881836,77.84880065917969
steam:11000011219f1f6,LAMA2714,-1409635175,1367554,324.92840576171875,-2093.020263671875,17.202892303466797,276.2822265625
steam:11000010458eef2,BMWM3001,942300481,119554,405.7801818847656,-1652.45947265625,28.61262321472168,141.06886291503906
steam:11000010652eb72,0RS3ABT0,216350205,620290,-39.947914123535156,56.40164566040039,71.58161926269531,165.61691284179688
steam:110000104253d7d,YAMAHAR6,-188978926,93698,-1393.4559326171875,-581.4601440429688,29.512908935546875,301.51318359375
steam:110000117b9590f,SUPRA100,-2120897359,17154,-515.3759765625,-293.3076477050781,34.806705474853516,0.5933790802955627
steam:110000114c69572,49FEA238,142944341,60674,267.9688415527344,-1268.3590087890625,29.054567337036133,355.9654235839844
steam:1100001170bb65e,JAGUARTF,-1813394540,8962,910.0892944335938,-178.19281005859375,73.48295593261719,266.0508728027344
steam:11000010e694487,40JIF855,850565707,8706,407.7560119628906,-980.5017700195312,29.177200317382812,232.050048828125
steam:1100001060dfa98,00KNZ497,-609625092,32002,151.16213989257812,-1030.70703125,28.854095458984375,241.67987060546875
steam:110000136785314,AMB5693 ,2145386152,27394,91.34488677978516,-1928.237060546875,20.43573760986328,190.68780517578125
steam:11000010be0c000,02MPB636,788045382,22274,-54.34735107421875,-952.1716918945312,29.280031204223633,256.0367126464844
steam:110000136229ac5,83XUE734,86520421,567042,294.2362365722656,-1735.597900390625,28.442258834838867,318.0697326660156
steam:11000010733f0ba,45XZZ695,-1267543371,37378,-335.7362365722656,-37.768001556396484,47.451045989990234,252.80657958984375
steam:110000104219a0a,03CIN850,-1130810103,19970,153.34544372558594,-1306.893310546875,28.69618797302246,245.01478576660156
steam:110000115cde636,07YHA598,1131912276,40706,408.19439697265625,-980.2570190429688,28.654804229736328,239.51702880859375
steam:1100001161c9eb2,BENTLEY6,113372153,2002434,253.9853973388672,-778.6105346679688,30.05540657043457,323.20458984375
steam:1100001078c0669,83XUE734,86520421,1547010,294.2230529785156,-1735.658447265625,28.440866470336914,318.4521789550781
steam:1100001147d293f,24PNF319,86520421,188930,-1180.755615234375,-879.6724243164062,13.345712661743164,151.86221313476562
steam:110000106cf2a82,86NPF189,-2128233223,1431554,249.4945831298828,-776.5882568359375,30.136014938354492,246.63275146484375
steam:110000116b5fe83,24PNF319,86520421,71682,152.578125,-1035.00537109375,28.809486389160156,86.4234390258789
steam:110000105e63cd7,82PQD862,-1685021548,16130,20.915225982666016,-284.9668273925781,47.155029296875,82.05621337890625
steam:11000010b257802,59TDS651,382057582,2084354,443.9176940917969,-1025.6356201171875,28.362016677856445,0.31649529933929443
steam:110000104a35c47,83BGY878,1456744817,16130,207.87059020996094,-797.2408447265625,30.3554630279541,70.34466552734375
steam:11000011b002185,86RSK254,-431692672,68610,157.18167114257812,-1039.556640625,28.582338333129883,137.36874389648438
steam:110000108fd9490,LSPD 762,-1973172295,467970,1676.46044921875,2604.6455078125,45.08879089355469,337.9912109375
steam:110000133be1228,00AFS990,142944341,304386,1791.5059814453125,681.510986328125,266.7344970703125,54.42221450805664
steam:110000105693f54,83FZI125,-956048545,49410,-63.249488830566406,-1586.342041015625,29.45395278930664,230.14060974121094
steam:110000104ea5d91,98AZE100,-1095688294,9986,505.7721862792969,-455.479248046875,29.051027297973633,322.77862548828125
steam:11000013665a698,LAMBSUP0,233884472,85506,675.7921142578125,-1020.4113159179688,35.32417678833008,279.3396301269531
steam:11000010966c705,89XBB768,841808271,267266,2207.9365234375,5576.78076171875,53.40590286254883,183.82843017578125
steam:11000010524a606,911RSIIX,-1673627650,344322,-359.9856872558594,-127.8002700805664,38.29442596435547,247.44085693359375
steam:11000011c6eea56,26GJX147,-1453280962,146946,-451.6164855957031,-258.2008056640625,35.441463470458984,358.3398132324219
steam:1100001134e99f9,  JTEB  ,-344943009,235522,154.74331665039062,-1035.61767578125,29.11222267150879,249.97964477539062
steam:110000109c62720,61IUU202,-431692672,751362,250.57101440429688,-776.2882690429688,29.979883193969727,333.174072265625
steam:1100001192b48ea,80SFK548,-344943009,114178,201.6002960205078,-1052.88818359375,28.927017211914062,151.30117797851562
steam:110000108378030,LAMA2104,1993609528,7938,-11.083722114562988,-1099.8411865234375,26.579288482666016,292.7474365234375
steam:11000011a4e6a2e,86HAN008,-1453280962,822786,-41.1993293762207,-1115.72802734375,25.91292953491211,162.46884155273438
steam:110000131d714e0,86UCS553,1672195559,92930,-94.82601165771484,981.564208984375,235.26841735839844,16.636287689208984
steam:1100001166805e6,BMWM3001,942300481,328706,-326.01885986328125,-145.1724395751953,38.38117218017578,246.69168090820312
steam:110000109b19569,LSPD 303,456714581,2893826,436.18017578125,-996.9160766601562,25.748294830322266,0.0005043234559707344
steam:11000010dab6b55,65GOR973,-1205801634,163330,-35.64994812011719,1881.99951171875,195.74270629882812,318.132080078125
steam:11000010e288321,08YXT367,-825837129,75522,15.540572166442871,-1353.8372802734375,28.9785213470459,259.69195556640625
steam:110000133c4fb14,02YSF502,-1453280962,11522,1021.9474487304688,310.4996337890625,82.8641128540039,342.1033020019531
steam:11000010ab96312,LSPD 145,1912215274,105730,480.368408203125,-1021.7767333984375,27.733612060546875,96.57609558105469
steam:11000011473017d,42ABX712,1672195559,16130,216.9663543701172,-785.7193603515625,30.33623695373535,77.80506896972656
steam:110000108660f93,47FUK923,-956048545,15362,27.7474365234375,-1137.5595703125,28.946001052856445,247.92913818359375
steam:11000013995049c,84DLR934,-956048545,22786,-495.6001892089844,-272.7689208984375,35.26313018798828,292.03399658203125
steam:11000010c3f355e,80SFK548,-344943009,499458,470.7538146972656,-1021.4869384765625,28.007959365844727,279.6598815917969
steam:11000010b826827,23IEB786,-431692672,759554,91.5926513671875,-1238.6280517578125,28.606863021850586,90.773193359375
steam:1100001075f1b9a,01GTMUS1,350464372,44546,231.67832946777344,-840.3135986328125,29.6757755279541,222.8275909423828
steam:11000010dbec0f1,47DRB659,-1237253773,18178,220.62823486328125,-2054.0166015625,18.189550399780273,68.47126007080078
steam:11000011c0cc060,40VKM217,80636076,482562,65.74781799316406,-774.6798706054688,30.9237003326416,66.82540130615234
steam:110000112911cc3,AMB4188 ,1264164828,1480706,53.399417877197266,-1904.927734375,21.831714630126953,231.92164611816406
steam:11000010a958894,LSPD 894,-1890770671,601346,1082.164306640625,-1879.8712158203125,35.21034240722656,136.84353637695312
steam:11000010b395735,24DNF280,970598228,122882,266.72259521484375,-3308.0712890625,5.195467948913574,85.28186798095703
steam:11000010c4bcdc8,AMB4939 ,2145386152,77058,-451.6942138671875,-333.6829528808594,34.0107536315918,349.1761779785156
steam:110000133c988e5,85MLQ037,-2128233223,385026,408.94598388671875,-980.3452758789062,28.770313262939453,51.55972671508789
steam:110000111b6e7d6,26OKY380,-1453280962,65538,398.4599609375,-1646.950439453125,28.762575149536133,141.42576599121094
steam:11000010abb3ad2,01PANA00,-1296077726,660994,-1393.1129150390625,-581.0001220703125,29.802959442138672,297.8179931640625
steam:11000010b731831,28OFF909,906642318,429314,-465.17730712890625,-336.45758056640625,33.891998291015625,165.00851440429688
steam:1100001129d31d7,LSPD 805,-1890770671,27906,472.11822509765625,-1023.0626831054688,27.814390182495117,99.35249328613281
steam:11000010eaec940,47VCM787,-344943009,297986,-60.875972747802734,-1071.4691162109375,27.06761932373047,26.947479248046875
steam:11000010e8769b0,23MPF373,-1453280962,29954,258.4017028808594,-773.4127197265625,30.151575088500977,111.33087921142578
steam:11000010b3b2c48,69OIK251,-956048545,22018,-1876.298095703125,2012.7518310546875,140.65745544433594,156.626220703125
steam:110000112ae7b33,PERMIS79,-344943009,159746,-812.1807861328125,-748.7757568359375,22.963672637939453,85.05838012695312
steam:11000010979dfb9,LSPD 864,-1291872016,195842,27.46438980102539,-966.2363891601562,28.926265716552734,67.8003158569336
steam:110000103056930,BRA 7401,2112052861,167426,451.7860412597656,-1070.0614013671875,29.282712936401367,268.6357421875
steam:110000135e1a203,CHARDODG,1025737310,8194,-374.00018310546875,-135.4796142578125,38.37549591064453,199.15164184570312
steam:110000136005f27,28EDF119,1491277511,66306,-46.563270568847656,-1097.3819580078125,25.908599853515625,120.5732421875
steam:110000139b601a3,03FIY210,-1130810103,45826,407.9216613769531,-992.64697265625,28.761205673217773,225.59230041503906
steam:110000117fc549a,  JTEB  ,-344943009,820226,154.76487731933594,-1035.6337890625,29.11332893371582,251.02528381347656
steam:1100001128b3639,25ENH423,-1461482751,57858,-83.48719787597656,-1671.6019287109375,28.951984405517578,139.4569854736328
steam:110000109d9fe59,80SFK548,-344943009,942594,118.21952819824219,-1016.9249267578125,29.033233642578125,282.0013732910156
steam:1100001065dcf08,01NDE917,1672195559,216578,823.0817260742188,-1039.6929931640625,26.203659057617188,266.88385009765625
steam:11000010db35615,BRA 2167,2112052861,18178,208.6169891357422,-965.002685546875,25.497459411621094,16.472532272338867
steam:11000011566da92,01VDI352,970598228,2462722,-494.05755615234375,-343.59649658203125,33.762386322021484,81.64929962158203
steam:110000103f584d6,81ADY585,-431692672,79362,163.8678741455078,-1039.705078125,28.626678466796875,213.14529418945312
steam:11000010f263c7f,VI 4638 ,-599568815,168194,350.9286804199219,6455.013671875,30.376415252685547,270.0064392089844
steam:11000010e79ebc5,LUMABMW1,-1844386951,112386,249.07762145996094,-780.2824096679688,30.014352798461914,246.86972045898438
steam:110000113433f40,65LKL223,913030392,62722,-772.4718017578125,306.7147521972656,85.1098861694336,343.9598388671875
steam:110000111437656,VI 9670 ,-599568815,11522,1119.73193359375,-2042.060791015625,30.757118225097656,215.50204467773438
steam:1100001151f37b0,85HMW361,841808271,82946,244.3463897705078,-756.0022583007812,34.326133728027344,174.88719177246094
steam:11000010efb5a4f,LSPD 376,-1890770671,409602,-1641.8924560546875,-3113.094482421875,13.607956886291504,331.4476623535156
steam:11000010ce2b6cf,VI 2264 ,-599568815,31234,-778.8654174804688,1211.4974365234375,261.5532531738281,304.89349365234375
steam:1100001113f6cce,26GJX147,-1453280962,199426,-464.1867980957031,-161.7013702392578,37.48792266845703,229.8856201171875
steam:110000105e667cc,LSPD 128,-1890770671,801794,-451.2066650390625,-329.7926025390625,34.09593200683594,308.647705078125
steam:110000117bb49b7,62VAW073,390201602,56834,1840.760498046875,2183.085693359375,65.26689910888672,50.50851821899414
steam:1100001025ffefb,LAMA3006,2069146067,15618,-146.26583862304688,700.136962890625,241.38262939453125,149.3545684814453
steam:11000010230cc03,X6MMURDO,-11621449,14338,241.51577758789062,-845.8399047851562,29.39988136291504,239.46461486816406
steam:1100001146c154e,LSPD 330,-1627000575,1789954,438.48211669921875,-1026.2188720703125,28.390214920043945,5.247161865234375
steam:110000102f603cc,AMB8132 ,2145386152,22786,388.56536865234375,314.6047058105469,102.79537200927734,254.93572998046875
steam:11000010b613f7a,44XZU351,-1008861746,759042,322.9173889160156,-2087.69384765625,17.4322566986084,220.0227508544922
steam:1100001097b7ffb,VI 6227 ,-599568815,32002,-1842.3095703125,2216.546875,87.59013366699219,284.62811279296875
steam:110000106d0ab00,LSPD154 ,-1683328900,29442,319.3755187988281,-1338.14306640625,31.765731811523438,135.68685913085938
steam:11000010d146d27,22NPE271,1549126457,129282,2464.704833984375,4951.82080078125,44.336971282958984,99.59928894042969
steam:110000114419de2,AMB1784 ,1171614426,1310978,-455.77581787109375,-333.9295349121094,34.132347106933594,261.66107177734375
steam:110000102820b7d,BRA 2180,2112052861,115202,2408.7119140625,4984.595703125,46.164188385009766,136.1562957763672
steam:110000103ff50ee,00ZHZ761,-344943009,58114,242.5264129638672,-782.021240234375,30.418697357177734,122.92642974853516
steam:110000103128f79,LSPD 733,-1291872016,392706,3259.71435546875,5142.78515625,19.12103843688965,261.7037658691406
steam:110000110618680,85EQD140,-956048545,332290,193.9512939453125,-813.3591918945312,30.667518615722656,64.52872467041016
steam:110000115227e0c,BUGATDI1,-1331336397,23554,-1532.4208984375,-1432.7843017578125,-1.8412491083145142,104.05817413330078
steam:1100001164eeb78,80UEP760,1672195559,188418,952.509521484375,-132.0120391845703,73.9669189453125,128.58168029785156
steam:1100001031f3ea2,AMB5063 ,2145386152,37634,-465.74774169921875,-339.54449462890625,34.078468322753906,349.2825012207031
steam:110000103fd5d2f,21PEC226,-1453280962,3432706,154.0230255126953,-1030.8873291015625,28.650747299194336,250.82977294921875
steam:11000010f059895,LAMA2589,1856720760,457218,454.853515625,-990.8255004882812,30.2330265045166,143.8002471923828
steam:1100001146e12b8,LSPD 429,1912215274,281090,453.0427551269531,-1020.5111694335938,28.12494468688965,94.47394561767578
steam:110000135218513,21TKY145,970598228,215554,-338.3233337402344,-137.62619018554688,38.40171432495117,267.30340576171875
steam:1100001037b4335,29BEG947,-344943009,479234,241.39132690429688,-778.7930908203125,30.464008331298828,108.57926177978516
steam:1100001088b2aab,01PANA00,-1296077726,149250,517.9129638671875,-158.1352081298828,56.094993591308594,351.837646484375
steam:110000115233d92,VI 8578 ,-599568815,23554,-1508.03759765625,82.72195434570312,55.34593200683594,30.837841033935547
steam:1100001198a0f76,84SOT433,1672195559,193026,1115.7049560546875,-2174.371826171875,30.2706298828125,359.59820556640625
steam:110000104ac11a0,62LRX030,1672195559,10242,650.4862060546875,596.5780639648438,128.42971801757812,232.51107788085938
steam:110000113f34ddf,67LNL631,1672195559,31490,-2006.5447998046875,-332.47686767578125,43.61600875854492,325.95233154296875
steam:110000101c40f90,BMWE60M5,1969115674,154114,297.3744201660156,-818.2175903320312,28.668004989624023,51.735389709472656
steam:11000011d5588e2,LSPD 265,895473079,464386,383.70404052734375,-858.3247680664062,28.582603454589844,120.17545318603516
steam:11000010504b2eb,VI 9135 ,-599568815,100610,494.3084411621094,-1968.6416015625,24.644777297973633,122.99568939208984
steam:1100001070695e2,66IVF844,55628203,122882,378.6086730957031,-952.1218872070312,28.769563674926758,48.83058547973633
steam:11000011125db40,05HUK248,1672195559,166146,409.2759704589844,-1598.8497314453125,28.85076904296875,42.74076843261719
steam:110000116d4ec41,AMB7818 ,1264164828,64770,-486.4443359375,-331.8968200683594,34.71834182739258,262.10150146484375
steam:110000119d3fd00,VI 2582 ,-599568815,389122,-1826.8741455078125,2213.919677734375,87.07225036621094,11.936653137207031
steam:110000105c7f81d,22HCN832,1672195559,87298,2501.916748046875,4974.681640625,44.015052795410156,178.8038787841797
steam:11000010c3d2366,60SSE960,55628203,54786,-172.06939697265625,-1898.6328125,25.150230407714844,43.362606048583984
steam:110000109128173,69IKA860,-956048545,293378,-430.3581848144531,-371.52239990234375,32.57160949707031,82.91667175292969
steam:11000010b95f526,23IEB786,-431692672,537090,152.97933959960938,-1307.4503173828125,28.51481056213379,251.59971618652344
steam:11000010de82196,80DQG697,1348744438,3665410,-81.52995300292969,-1425.8563232421875,29.4329833984375,6.1134138107299805
steam:110000119609dc5,00SGT008,-956048545,171778,-1510.3758544921875,-641.2891845703125,29.189207077026367,126.47171020507812
steam:1100001026194cc,LSPD 299,1912215274,193026,-1908.9139404296875,2042.9906005859375,140.49169921875,166.69366455078125
steam:110000102904d97,05XHZ680,970598228,2468354,372.3522644042969,321.6274719238281,102.90096282958984,1.2937451601028442
steam:1100001139f3d0e,LSPD 536,-1257247594,124418,465.3739013671875,-866.1905517578125,35.51494216918945,270.84771728515625
steam:11000011a7bcbdb,27DON136,931280609,72450,336.7529296875,-657.0003051757812,28.537141799926758,92.43485260009766
steam:11000010cfe86c5,VI 7717 ,-599568815,98050,-554.9364624023438,-160.24896240234375,37.95061111450195,293.1046142578125
steam:11000013ad5aa4a,BRA 2857,2112052861,270338,244.4751739501953,472.4083557128906,125.22322845458984,8.651642799377441
steam:1100001098a6ea8,48DUV484,-344943009,917250,-1094.7559814453125,4940.130859375,218.00936889648438,152.0351104736328
steam:1100001360b192d,64KWC891,784565758,1217026,407.20733642578125,-1637.677734375,28.69586944580078,328.17169189453125
steam:11000011d596fb5,27GEB606,-431692672,106242,-800.7154541015625,-668.7216796875,27.68722915649414,251.88919067382812
steam:1100001322f6993,03FIY210,-1130810103,80386,-28.85178565979004,-972.0374145507812,28.819290161132812,338.0927734375
steam:1100001017d24bb,BRA 6750,2112052861,64258,2456.267578125,5019.93017578125,45.85179138183594,272.3705749511719
steam:110000109849d33,BRA 1765,2112052861,18690,160.22598266601562,-1034.343505859375,29.364343643188477,243.80960083007812
steam:1100001174b9ee3,LSPD 475,-1627000575,423682,-160.92486572265625,-886.2340698242188,28.76666259765625,36.087738037109375
steam:110000112d6a726,MITSEVO1,1944777953,12802,-1089.7437744140625,-757.6929931640625,19.019502639770508,232.11407470703125
steam:11000010ff9f974,60CFJ256,-431692672,86786,-2575.275146484375,1671.0067138671875,142.06884765625,283.5096130371094
steam:110000110a93662,47PMI768,972671128,21250,-206.58865356445312,-1304.3035888671875,30.776905059814453,262.1812438964844
steam:11000010a1c2980,07JXB365,-344943009,332290,-536.1080932617188,-669.2156372070312,32.981956481933594,242.99057006835938
steam:110000109d0fa39,61OUT879,-344943009,190210,-43.1866340637207,-1116.548828125,26.25855827331543,182.0712890625
steam:1100001059c26a4,VI 2436 ,-599568815,56578,-252.55404663085938,6143.00341796875,31.02777671813965,63.59459686279297
steam:11000013753b19d,27NZR335,-956048545,59394,179.0411834716797,-1402.1043701171875,28.947265625,59.68389892578125
steam:110000134e4a929,VI 7248 ,-599568815,344322,-151.89581298828125,-305.57904052734375,38.546958923339844,153.11732482910156
steam:110000135433eb2,45GTB974,-431692672,27906,407.18292236328125,-997.8616943359375,28.592443466186523,289.6241455078125
steam:11000011426159a,VI 9413 ,-599568815,70402,740.2396240234375,-20.3338680267334,82.33206939697266,272.0042724609375
steam:110000119400318,27ECY350,-1453280962,18946,213.32484436035156,-814.325439453125,30.186403274536133,68.2284927368164
steam:110000102d61caf,24OTH015,-1453280962,7192835,407.6282958984375,-994.5604858398438,28.741941452026367,248.78561401367188
steam:1100001359b8621,65BAN814,-956048545,20482,218.3808135986328,-733.4617309570312,33.71949768066406,245.37783813476562
steam:1100001077dd623,80KRJ404,-431692672,112386,2560.57470703125,4862.2255859375,35.78120040893555,232.47149658203125
steam:110000138460d64,80KRJ404,-431692672,817666,2520.596923828125,4901.185546875,37.050662994384766,227.8915557861328
steam:11000013aca2345,09FZM520,1672195559,36866,-1498.0860595703125,-244.9154052734375,49.611331939697266,3.445387125015259
steam:110000111c3c893,44WNK364,-431692672,221186,285.4537048339844,-873.6473999023438,28.639429092407227,302.51568603515625
steam:11000010dccd4c5,BRA 4628,2112052861,215554,252.6328582763672,-1227.6195068359375,29.470516204833984,267.4660339355469
steam:11000010ac74881,65NEY933,-1403128555,196866,-945.875,593.8489990234375,100.58090209960938,344.8857421875
steam:11000010bf20e69,LSPD 761,-1890770671,644866,270.36328125,-859.824462890625,28.87787628173828,353.2895812988281
steam:110000101342676,VI 7697 ,-599568815,1432322,-1355.1904296875,-556.4286499023438,29.856782913208008,307.5291748046875
steam:110000100f32264,LSPD 222,-1973172295,1064962,479.6593322753906,-1024.315673828125,27.54540252685547,113.84999084472656
steam:11000010b87c1d9,VI 1000 ,-599568815,150018,499.5273132324219,-1972.5103759765625,24.641277313232422,300.8566589355469
steam:110000100a13bc4,21BFP365,-2045594037,112898,258.3797912597656,-773.3802490234375,30.265918731689453,110.71183013916016
steam:11000011bcc0806,BRA 8469,2112052861,314626,836.6361083984375,-1960.437744140625,29.128955841064453,174.22300720214844
steam:1100001000146d6,80JGE740,-956048545,150018,195.18882751464844,-1041.8995361328125,28.877613067626953,250.33929443359375
steam:110000111eeb60b,00EOQ244,-2128233223,114434,401.2610778808594,-1634.489013671875,28.794191360473633,358.0576171875
steam:110000131f1474d,HUNT 354,-1435919434,140034,-1794.609375,4663.568359375,8.355198860168457,67.81769561767578
steam:110000134e2b06b,LSPD 643,-1257247594,389122,408.0572204589844,-984.6539916992188,28.9786376953125,54.364349365234375
steam:11000010b8aea82,46CDJ073,-893578776,25858,-46.563270568847656,-1097.3819580078125,25.944480895996094,121.05474090576172
steam:1100001323691b6,BRA 3605,2112052861,15106,2407.4560546875,4991.03125,46.35332107543945,137.56988525390625
steam:11000013582f618,25FFP644,1672195559,199938,-1565.5439453125,-249.9626922607422,47.794132232666016,54.237098693847656
steam:11000010341feaa,VI 1163 ,-599568815,126466,-1233.4749755859375,-902.3785400390625,11.851563453674316,281.0345153808594
steam:1100001082a5059,VI 2984 ,-599568815,44034,-1207.455810546875,-318.11895751953125,37.55433654785156,114.70355224609375
steam:110000100203b57,00EFA276,-344943009,143874,-46.563270568847656,-1097.3819580078125,26.24266242980957,120.1949691772461
steam:110000101cc9fae,02UNU324,-431692672,1483778,247.84707641601562,-764.9581909179688,30.143089294433594,251.3594512939453
steam:11000010913b0ca,69AWK736,55628203,111362,214.68399047851562,-937.7230224609375,23.63250732421875,359.9999694824219
steam:11000010c3ac3ab,41PBF257,-713569950,190722,404.1156921386719,-971.6967163085938,29.34744644165039,356.1107482910156
steam:11000011a8eed9a,001FK800,-1745789659,154370,384.6572265625,-955.505859375,29.01683807373047,269.213134765625
steam:110000107b6a584,65FNW216,-956048545,389378,-1129.0382080078125,-281.7828369140625,37.31817626953125,86.91969299316406
steam:11000010b355ac6,01ZQB438,-344943009,147458,-337.20654296875,-37.491390228271484,47.5899658203125,254.003173828125
steam:1100001007704ac,AMB3130 ,1171614426,206082,-426.063232421875,-664.397216796875,36.93106460571289,184.27621459960938
steam:110000111b504ac,001FK800,-1745789659,7099906,494.4521179199219,-983.5889282226562,27.171798706054688,173.51527404785156
steam:1100001131b50af,85FEZ026,-431692672,60418,2472.02978515625,4957.076171875,44.45780563354492,292.2593994140625
steam:1100001374079e3,VI 9448 ,-599568815,18690,405.55865478515625,-993.47314453125,29.02553939819336,342.02276611328125
steam:110000109ec620b,44ZWK777,-1205801634,121346,-2006.49462890625,-332.5043640136719,43.53803253173828,324.9745788574219
steam:1100001179c0fd1,85VRJ182,55628203,159234,359.6129455566406,-667.779296875,28.548980712890625,51.16423416137695
steam:110000103bad3da,LAMBSUP0,233884472,381954,-1706.9576416015625,-924.1272583007812,7.188928127288818,116.98558807373047
steam:1100001099f21ce,LSPD 766,335404415,19458,463.3031311035156,-1019.4295043945312,27.239530563354492,90.01669311523438
steam:110000106f38c2a,AERIEN45,1077420264,608514,-1111.419921875,-2458.642578125,14.88586711883545,331.7241516113281
steam:1100001072811d2,AMB2360 ,2145386152,619266,-454.1649169921875,-339.62701416015625,34.009620666503906,321.31494140625
steam:1100001360fe96c,PERMIS92,-344943009,49666,-853.8831176757812,-748.4866333007812,22.85938262939453,49.12380599975586
steam:11000011c57a765,49FRJ709,884422927,27906,226.48094177246094,-794.1819458007812,30.3126277923584,191.90989685058594
steam:110000119770d69,AMB8752 ,1171614426,163330,-699.584716796875,-355.9615478515625,34.533748626708984,59.51397705078125
steam:11000011b5f5f75,80PIU699,-344943009,147202,-44.20301818847656,-1678.5133056640625,29.240142822265625,226.8972930908203
steam:11000010a48422e,LSPD 539,1643529828,363522,474.87744140625,-1022.722412109375,27.75328254699707,93.7862777709961
steam:1100001092b6c5b,BRA 4997,2112052861,236802,835.2909545898438,-1942.022216796875,29.030193328857422,172.71444702148438
steam:11000010321de34,63JUV696,-431692672,102658,208.60841369628906,-945.071044921875,23.468265533447266,145.02857971191406
steam:11000013253fda7,PERMIS38,-344943009,184066,-854.9717407226562,-747.7689819335938,22.981733322143555,64.55339813232422
steam:11000013751d2d6,01HCF115,-1453280962,35330,-249.58888244628906,6145.16552734375,30.760074615478516,141.52639770507812
steam:110000119ba3758,22JXN668,-1450650718,133890,-46.563270568847656,-1097.3819580078125,25.98672103881836,120.1937255859375
steam:11000011396f587,VI 7253 ,-599568815,564482,-1829.9598388671875,2215.070068359375,86.72710418701172,191.0970001220703
steam:11000010a5d8492,BRA 6681,2112052861,113666,834.51708984375,-1938.902099609375,29.029504776000977,175.0592041015625
steam:11000011b809bb3,04EDC351,-1453280962,310274,-743.2561645507812,-738.1373291015625,27.2293643951416,190.43508911132812
steam:1100001069eb002,48TQO362,1488164764,13570,414.2480163574219,-1636.8448486328125,29.296531677246094,209.83786010742188
steam:11000010b38f5a3,47TKU188,972671128,303618,227.29026794433594,-771.0219116210938,30.255847930908203,251.076416015625
steam:11000010dc5cf21,01WWA246,-956048545,428034,780.4096069335938,-1427.3646240234375,26.553524017333984,102.24833679199219
steam:11000010aa50d2b,48ZBK529,-344943009,27138,-1920.7763671875,2052.85400390625,140.55189514160156,76.01883697509766
steam:110000110c51d04,VI 6013 ,-599568815,1020162,-1218.88232421875,-316.9749755859375,37.343204498291016,297.4206237792969
steam:110000113cfcc75,BRA 7457,2112052861,78082,239.02658081054688,-763.4758911132812,30.889387130737305,69.77399444580078
steam:11000010a84096d,86FDB606,1269098716,528642,254.9185028076172,-780.4601440429688,30.051307678222656,259.5613708496094
steam:110000102b6719d,86FDB606,1269098716,91138,408.562255859375,-980.4247436523438,28.753366470336914,231.1340789794922
steam:1100001182ba602,86VLE994,-431692672,17410,-1036.7298583984375,-244.1735382080078,37.100669860839844,112.78468322753906
steam:1100001144b4ecd,VI 9107 ,-599568815,791810,-718.1661376953125,-933.9987182617188,18.76939582824707,1.2891576290130615
steam:110000139bbbce5,52FDZ110,-1331336397,226050,150.01539611816406,-1029.9339599609375,28.8563175201416,252.8448028564453
steam:1100001116748cc,45HYY757,841808271,36610,256.11346435546875,-774.3604125976562,30.358308792114258,115.96873474121094
steam:110000100134c3c,06JIM404,-431692672,227330,245.16928100585938,-772.6596069335938,30.035980224609375,251.57247924804688
steam:1100001178718b1,PERMIS62,-344943009,152322,-843.9332885742188,-749.786865234375,22.86085319519043,87.58259582519531
steam:1100001035128ff,86FDB606,1269098716,20482,248.9139862060547,-748.03515625,30.30660629272461,15.915482521057129
steam:11000010ce09ed5,LSPD 837,-1890770671,177410,474.0486145019531,-1022.0585327148438,27.773447036743164,99.65923309326172
steam:11000011c315c47,22AWD935,-431692672,1636098,407.1943359375,-984.1424560546875,28.5943603515625,233.82308959960938
steam:11000011189040f,LSPD 531,-1890770671,52482,326.3081359863281,-867.3070678710938,28.851640701293945,267.3177490234375
steam:11000010c4aa2ee,GLE00GLE,-534831405,39426,50.77085876464844,-1253.689697265625,29.130117416381836,180.6267852783203
steam:11000010bf00cbf,AD511DSS,887276349,34306,886.139892578125,418.7809753417969,118.65208435058594,142.28872680664062
steam:11000010ebb3119,45NVF571,86520421,267778,-182.39093017578125,-1594.3939208984375,33.926090240478516,128.81427001953125
steam:110000107319e58,03XLF587,-1453280962,418050,249.1254119873047,-776.2568969726562,30.128435134887695,248.1031951904297
steam:1100001053c913c,44UDC826,-431692672,131586,2436.758544921875,4983.5703125,45.341156005859375,315.8011169433594
steam:110000107fa453c,BMWM4MO ,541729238,20994,-173.380859375,-612.0462646484375,31.999404907226562,216.88821411132812
steam:110000115c8ca80,02YBS776,-2128233223,1661698,-46.563270568847656,-1097.382080078125,25.92304039001465,120.19463348388672
steam:11000010d5dce31,LSPD 776,1643529828,57602,442.9766845703125,-1022.6868896484375,28.25136947631836,94.02395629882812
steam:110000116bdb8f2,45DJP070,-431692672,139010,-899.286865234375,-2330.363037109375,6.035847187042236,332.2836608886719
steam:11000010af8bb4a,45DJP070,-431692672,166658,-936.298828125,-1804.5142822265625,19.073652267456055,317.1061096191406
steam:110000136a44424,BRA 3251,2112052861,496386,-47.13935852050781,-1017.0996704101562,28.935609817504883,336.951416015625
steam:11000010a88b28f,69HMD792,-1045541610,21762,259.685791015625,-739.0715942382812,33.47001266479492,250.64688110351562
steam:11000010a3d1d15,LSPD 352,-1890770671,167938,477.3634338378906,-1020.1536254882812,27.676555633544922,95.15644836425781
steam:110000136c579ff,AERIEN24,1077420264,273154,1759.3173828125,3271.86767578125,42.18598556518555,100.34329223632812
steam:11000013995839f,60ADD386,55628203,630274,-46.563270568847656,-1097.3819580078125,25.91326141357422,121.06854248046875
steam:1100001041f0567,83YOE909,-16948145,286466,-1152.7442626953125,-1524.508544921875,3.8167097568511963,211.94851684570312
steam:11000010c6fc367,48PUS247,-440768424,12546,153.6461181640625,-1034.68359375,28.628816604614258,131.18699645996094
steam:1100001070240cf,VI 7725 ,-599568815,81410,-1524.8826904296875,92.9281234741211,56.30509948730469,73.8728256225586
steam:110000107426d1e,VI 5955 ,-599568815,9986,495.72052001953125,-1969.93310546875,24.664867401123047,301.1568298339844
steam:11000010e0ee7ce,41XCL339,-344943009,59138,-46.563270568847656,-1097.3819580078125,26.24266242980957,120.1949691772461
steam:1100001148f8bbf,84QSU589,-431692672,7502596,-1090.0892333984375,-266.146728515625,37.06263732910156,118.45551300048828
steam:11000010532fdf9,60CYP621,-344943009,140802,-191.44778442382812,-501.72381591796875,34.50979232788086,189.35093688964844
steam:110000102cbdfd2,TMAX1000,-85371949,131074,447.8837585449219,-1015.8477172851562,27.872188568115234,94.63919830322266
steam:11000010bf92205,25PJM804,-1523428744,281090,359.5458679199219,-1554.4346923828125,29.0896053314209,62.40559005737305
steam:110000101955978,AMB3604 ,1171614426,465154,-453.0791015625,-329.1512451171875,34.230865478515625,263.41888427734375
steam:110000102355bbb,PI 6753 ,1951180813,108290,2495.2646484375,4112.33984375,38.23695373535156,157.7083740234375
steam:1100001131693ba,PERMIS29,-344943009,607746,-855.2831420898438,-742.4541625976562,23.523168563842773,19.146209716796875
steam:11000011d569a40,66YYC841,-344943009,6914,400.7996826171875,-1649.121337890625,29.117443084716797,139.8767547607422
steam:110000112bd333b,UBER 993,-1485523546,77570,-1344.892333984375,-1268.9200439453125,4.462586879730225,199.44140625
steam:110000112b248bb,60OMF742,1549126457,93698,-1018.7453002929688,-1527.593017578125,4.793550968170166,216.07247924804688
steam:1100001364e54ba,84AVH088,-1031306507,119042,217.32688903808594,-789.8009033203125,30.42051887512207,315.6139831542969
steam:1100001124f5567,22RLK280,-570033273,19458,980.6307373046875,-110.39354705810547,73.82198333740234,177.55374145507812
steam:110000112b38f72,64KWC891,784565758,204546,157.58251953125,-1035.89990234375,28.625202178955078,152.82168579101562
steam:11000011afc5a17,22UJF778,-431692672,77058,-711.000732421875,-919.9163818359375,18.342519760131836,357.72161865234375
steam:11000010e320ccf,27UUM037,-431692672,76290,149.9084930419922,-1030.28955078125,28.592172622680664,144.51617431640625
steam:110000108a97e08,01HVL678,744705981,13826,-2741.480712890625,-363.43231201171875,-8.51111888885498,229.9309844970703
steam:1100001326bc690,AMB5915 ,1264164828,27138,-259.4089660644531,-105.38594055175781,47.36359786987305,345.7925109863281
steam:110000108eb4349,63LGV082,-431692672,5122,124.83222961425781,-994.2665405273438,28.61726951599121,37.26816177368164
steam:11000011142f816,LSNEW712,1240473944,41474,-455.6368713378906,-347.73406982421875,34.41698455810547,292.9616394042969
steam:1100001176b2fd7,VI 8037 ,-599568815,38402,30.720447540283203,-1357.0389404296875,28.983993530273438,88.10098266601562
steam:11000010f493224,PERMIS38,-344943009,37634,-812.1807861328125,-748.7756958007812,22.96366310119629,85.05875396728516
steam:1100001076e1d67,23INM487,-431692672,307202,114.6318588256836,-1144.18017578125,28.640974044799805,1.2178118228912354
steam:110000111b7f3d4,98YTR044,-2085078185,402946,227.9734649658203,-788.951416015625,29.974435806274414,239.35556030273438
steam:110000134dfc603,69ECL890,-344943009,87042,-46.563270568847656,-1097.3819580078125,26.24266242980957,120.1949691772461
steam:11000010d2bf705,29XLJ378,55628203,170242,-597.0651245117188,-1281.558349609375,11.938831329345703,163.4713897705078
steam:110000107293680,AERIEN44,-599568815,122626,1747.6197509765625,3234.5185546875,41.743839263916016,6.991415023803711
steam:1100001172a439b,PERMIS37,-344943009,679170,-813.2598266601562,-748.73828125,22.967689514160156,86.62538146972656
steam:11000010e96309d,01ZTX427,-431692672,1676290,214.95489501953125,-1023.0123901367188,28.599952697753906,138.2635498046875
steam:110000104e8d7b7,BRA 3808,2112052861,1068802,2413.55615234375,4974.97509765625,46.21484375,126.09256744384766
steam:11000010e1d2922,20UPU586,1549126457,262658,-399.866943359375,-50.461883544921875,44.73998260498047,342.3787536621094
steam:110000134fd0154,BRA 5131,2112052861,104194,157.14498901367188,-1030.988037109375,29.300338745117188,249.67904663085938
steam:11000010d28d31b,88VUH481,-344943009,30978,-17.385168075561523,-1078.8929443359375,26.496667861938477,306.23504638671875
steam:11000010054b21f,89IKG079,-431692672,344066,-488.3970947265625,-347.4834289550781,33.830596923828125,86.14559173583984
steam:11000010f73cd93,06YUU271,-344943009,218114,-46.563270568847656,-1097.3819580078125,26.24266242980957,120.1949691772461
steam:11000010dd4caef,ASTMVANT,-1067176722,19970,154.4217071533203,-1594.5184326171875,28.546436309814453,14.660943984985352
steam:11000010f22838b,24AFV017,-198141372,112898,627.9828491210938,2331.214599609375,49.876441955566406,135.37991333007812
steam:110000137a913c2,BRA 7527,2112052861,222722,2442.942138671875,5012.80322265625,46.50163650512695,148.5897674560547
steam:110000103650b1f,46RNF860,1672195559,280834,962.27490234375,-133.48175048828125,73.85484313964844,148.10484313964844
steam:11000010ed05335,AMB4849 ,1264164828,1744898,407.7708435058594,-983.630859375,29.622854232788086,229.74990844726562
steam:110000102af5a69,48YFU939,-431692672,96514,-2554.7197265625,2329.28271484375,32.38620376586914,269.2640380859375
steam:1100001098b4ade,VI 1707 ,-599568815,269314,-1829.5826416015625,2213.66943359375,86.85468292236328,193.19854736328125
steam:110000115b6e565,83MXE268,55628203,144898,2507.92724609375,5572.67724609375,44.01374053955078,3.9156076908111572
steam:1100001084e2bdc,86JHO305,-1775728740,366082,-46.56327438354492,-1097.3819580078125,26.046030044555664,120.19329071044922
steam:110000114eb66b2,01PANA00,-1296077726,369410,210.6768341064453,-943.3417358398438,23.77013397216797,145.43576049804688
steam:11000011355c215,43IGP439,-431692672,1035522,249.1502227783203,-776.8294677734375,29.973005294799805,250.40481567382812
steam:110000116025ee0,01PANA00,-1296077726,371970,210.67562866210938,-943.3311157226562,23.769956588745117,145.61778259277344
steam:11000010bdf4734,68YYI312,1672195559,81154,372.78790283203125,322.253662109375,103.01412963867188,262.4797058105469
steam:110000111b0e798,PI 5184 ,1951180813,20482,2233.275146484375,5167.03857421875,58.66082763671875,310.5992736816406
steam:11000010d533597,22SFC483,-431692672,551938,195.5929412841797,-863.4310302734375,30.939525604248047,193.1722869873047
steam:110000106ae3e63,HUNT 659,-1435919434,285442,-1105.4229736328125,4764.0732421875,226.56155395507812,177.45985412597656
steam:11000010bf7dad4,58YTT144,1993609528,49922,157.06494140625,-1043.689697265625,29.202993392944336,340.5553283691406
steam:110000109c66806,08FXB145,55628203,376322,-835.5620727539062,-700.4916381835938,26.771799087524414,291.1865234375
steam:11000011b85c9bf,PERMIS19,-344943009,257026,-820.6066284179688,-748.9713134765625,22.943416595458984,92.15193939208984
steam:110000108897b54,28PUS108,-431692672,153090,212.0872802734375,-814.8388061523438,30.06877326965332,68.5027084350586
steam:11000011302cdf4,20VFV696,788045382,40450,224.0099639892578,-821.8627319335938,29.78310775756836,170.15858459472656
steam:1100001089a017c,BRA 3593,2112052861,16386,243.79075622558594,-370.6099548339844,44.42603302001953,252.42486572265625
steam:11000010b527972,LSPD 299,1912215274,79874,-1486.442626953125,84.87468719482422,54.44248962402344,255.85284423828125
steam:110000113621e9f,67KHG747,-1479664699,75778,111.82421875,-981.4989013671875,29.224586486816406,161.41041564941406
steam:1100001171baa3c,VI 1562 ,-599568815,54786,-1529.9466552734375,96.98682403564453,56.4300422668457,41.981929779052734
steam:11000010ab10629,66LEJ965,-431692672,63234,223.4987030029297,-801.6001586914062,29.98309898376465,247.97958374023438
steam:110000109dcbd7d,65EAT627,-49115651,231426,-46.56326675415039,-1097.3819580078125,25.920658111572266,120.1951904296875
steam:11000010da9cf96,08YFC134,-956048545,416770,111.00077056884766,-1062.227783203125,28.800939559936523,301.0544128417969
steam:110000108ac8d6b,BRA 8464,2112052861,261378,136.04234313964844,-1271.82763671875,29.22536849975586,283.9377746582031
steam:11000010120bce5,65PIU143,-1453280962,14594,-587.369873046875,-751.3009643554688,28.704730987548828,178.1602020263672
steam:1100001186d5662,06EUC171,1933662059,65282,-46.564151763916016,-1097.3804931640625,26.261037826538086,120.19534301757812
steam:11000010db654b9,45UXV809,-431692672,2811394,156.41526794433594,-1030.4541015625,28.558618545532227,98.51017761230469
steam:11000010d595206,66LEJ965,-431692672,191234,112.9783935546875,-789.3876953125,30.739543914794922,73.17459869384766
steam:1100001068928b2,82FHE829,-431692672,108034,-1381.2669677734375,-650.9955444335938,28.005420684814453,219.96481323242188
steam:11000010ee5c2d4,VI 6067 ,-599568815,777474,496.52374267578125,-1972.6602783203125,24.663761138916016,298.227783203125
steam:1100001031bb195,24BUN654,788045382,384514,-1463.177734375,-235.0032501220703,49.066524505615234,320.9333801269531
steam:1100001341809a3,80LWU140,80636076,59650,-1080.7095947265625,-1657.4876708984375,3.686788558959961,212.09181213378906
steam:11000010bdd9a91,85ZYY727,80636076,32514,-612.16064453125,-982.2183227539062,21.270076751708984,331.3669738769531
steam:11000011d03240f,49QBP992,-431692672,527618,256.125732421875,-780.44677734375,29.899158477783203,224.4810791015625
steam:1100001128ffb20,05XWL349,1933662059,98050,-46.564151763916016,-1097.3804931640625,26.261037826538086,120.19534301757812
steam:11000011a0f9f5e,27VTF556,1672195559,39938,215.42343139648438,-815.8182373046875,30.17839813232422,282.6775207519531
steam:110000111169d54,VI 2260 ,-599568815,255746,-1902.7646484375,2025.7845458984375,140.49713134765625,348.6372985839844
steam:110000114a5e576,PERMIS92,-344943009,111106,-812.1807861328125,-748.775634765625,22.963651657104492,85.05794525146484
steam:11000010a0126ce,07YBR325,970598228,17666,222.9152374267578,-801.4619750976562,30.059221267700195,70.18101501464844
steam:1100001096ce202,VI 2231 ,-599568815,167682,-1530.552734375,91.08576965332031,56.41958999633789,27.464771270751953
steam:11000010abbfb8a,02KSW466,1672195559,10498,504.3718566894531,-1493.70458984375,28.79683494567871,347.2056579589844
steam:1100001068c0f39,BRA 7923,2112052861,8962,141.9805450439453,-1283.1824951171875,29.41193199157715,25.87396240234375
steam:11000013957bdf6,42NZV942,544021352,120066,-46.563270568847656,-1097.3819580078125,25.695457458496094,120.19584655761719
steam:11000010b3e1063,20DDR709,-1453280962,833282,-298.2738342285156,-1426.672607421875,30.819034576416016,326.11492919921875
steam:110000117ee64b4,89KNS473,2123327359,65794,-46.563270568847656,-1097.3819580078125,25.700326919555664,120.19505310058594
steam:1100001195644a7,02TCB380,1933662059,55810,-46.564151763916016,-1097.3804931640625,26.261037826538086,120.19534301757812
steam:110000110da8056,41QEP086,301427732,57602,401.36920166015625,-1632.9193115234375,28.771005630493164,342.5107727050781
steam:110000118e86833,VI 2026 ,-599568815,263426,-1527.87158203125,85.22220611572266,56.36382293701172,90.68521881103516
steam:110000118442918,23TXT400,-1453280962,428290,89.32373809814453,-1400.6068115234375,28.629981994628906,127.18243408203125
steam:110000133638241,BRA 2212,2112052861,81922,2413.905029296875,4980.70703125,46.27071762084961,356.36859130859375
steam:110000105bff9aa,44KEG698,-1523428744,115458,126.50928497314453,-2200.495361328125,5.501593589782715,137.64999389648438
steam:1100001051ddbb9,45VCO888,-1193103848,853250,-928.0699462890625,-1279.34423828125,4.460674285888672,335.7290344238281
steam:110000107d72874,24IZM271,-431692672,162562,-265.0837097167969,6134.439453125,30.761564254760742,45.62778854370117
steam:11000010163866c,89GTY781,-431692672,92674,-1050.159912109375,-220.40907287597656,37.27781677246094,58.22444152832031
steam:110000111c08af1,01TUR676,-1453280962,14338,871.8536987304688,-1012.9888305664062,30.420351028442383,220.67738342285156
steam:11000011b22c340,CAMAEXOR,1468386651,38402,407.8356628417969,-979.595947265625,28.90628433227539,51.888206481933594
steam:110000109eb1274,42HAL625,-431692672,103682,-845.9205322265625,-700.301513671875,26.649919509887695,98.37715148925781
steam:11000011a457034,82UAR814,-344943009,47874,485.4825134277344,-908.6946411132812,35.795814514160156,293.52362060546875
steam:11000010932a7fa,87MLM221,2113441065,11778,555.8702392578125,-893.7425537109375,11.00031852722168,96.43626403808594
steam:11000011312a184,41BGO899,1672195559,19970,1375.9595947265625,-1522.0999755859375,56.69163131713867,199.7437744140625
steam:110000139e036b6,25YSE687,80636076,270850,2019.21337890625,5174.7822265625,48.039894104003906,136.63104248046875
steam:110000112992b23,PERMIS79,-344943009,196610,-812.1808471679688,-748.7774658203125,22.963838577270508,85.05957794189453
steam:11000011204a359,25YSE687,80636076,263170,2168.879150390625,5225.1162109375,59.6440544128418,80.56675720214844
steam:110000103c68da2,BRA 4695,2112052861,31234,412.3817138671875,-306.42938232421875,50.86771774291992,68.01492309570312
steam:11000013b4f7f07,49KMP357,1672195559,120322,128.9715576171875,-202.65965270996094,54.03434371948242,72.0405502319336
steam:11000010da84541,01BJJ649,-344943009,641538,63.34707260131836,3743.50537109375,39.59503173828125,342.6336364746094
steam:110000108c85c22,09YBQ468,55628203,130050,-1060.0089111328125,-255.94435119628906,37.22279739379883,312.6307067871094
steam:11000011ae2da25,27IEO144,-431692672,88834,146.6761932373047,-1294.5838623046875,28.635042190551758,24.303300857543945
steam:11000010bb3efc1,69OUZ280,1672195559,13826,1374.728515625,-1525.786865234375,56.29096603393555,349.1408996582031
steam:110000109b5a777,ASTMVANT,-1067176722,53506,2476.91162109375,4950.81005859375,44.40164566040039,217.4163818359375
steam:11000010a9c8298,89TSI006,-431692672,402690,1770.6522216796875,3306.26025390625,40.49179458618164,59.17444610595703
steam:1100001043b8c2a,65NNK680,-1237253773,21250,-463.3056335449219,-350.114990234375,34.30659866333008,262.817138671875
steam:11000010198e656,03UTB234,-2140431165,14594,2288.941650390625,1019.3563842773438,78.61116790771484,200.2111358642578
steam:11000010e205e09,BRA 2450,2112052861,114690,2415.352783203125,4975.03857421875,46.204124450683594,295.0128173828125
steam:11000010bebb1fb,83XQC416,-431692672,62466,-1051.019775390625,-220.17556762695312,37.28737258911133,240.09896850585938
steam:11000010ae60942,PERMIS23,-344943009,96770,-843.8792114257812,-750.1483764648438,22.828786849975586,89.76793670654297
steam:11000010dc34169,67KRN487,55628203,341762,-1054.369384765625,-224.82052612304688,37.59511947631836,246.90380859375
steam:110000112906c82,02QBV785,1672195559,641538,256.5137939453125,-776.6785278320312,30.14899253845215,152.70574951171875
steam:1100001176ae4df,05GRT541,1813965170,152834,141.45709228515625,-1017.9021606445312,28.948474884033203,250.46368408203125
steam:11000011d38fffb,74GTR211,-1644311245,32770,241.43299865722656,-771.30419921875,30.354337692260742,144.67845153808594
steam:11000010a8994b3,DEPA 140,1177543287,110850,27.488235473632812,-1354.99072265625,28.85694694519043,47.34064483642578
steam:110000113340be5,BRA 8662,2112052861,113666,167.04086303710938,-1074.72314453125,29.25124168395996,252.3202362060547
steam:11000010f4bf23d,62VQW192,-2048333973,94210,400.8885803222656,-990.8357543945312,28.733617782592773,43.84682083129883
steam:110000135a9dad8,48FRF288,-431692672,52482,2631.72265625,4764.12890625,32.954681396484375,229.144287109375
steam:11000010b4f02b7,UBER 244,-1485523546,39682,213.9707489013672,-938.6588134765625,23.70522689819336,332.32183837890625
steam:1100001187d9d86,67QRE452,55628203,44546,-890.2183837890625,-2306.71826171875,6.193880558013916,328.716552734375
steam:1100001047e3634,86HSG310,-431692672,88322,-898.08203125,-2322.90087890625,6.018835544586182,304.5388488769531
steam:110000104619fbe,AERIEN53,1077420264,21762,1710.451904296875,3243.791748046875,41.94961166381836,286.7690734863281
steam:11000010c504dd6,AERIEN82,1077420264,193282,1738.765625,3252.845947265625,42.32744598388672,95.8646469116211
steam:11000011d133c4b,04ULJ499,-808457413,11778,-44.98094177246094,-1676.189208984375,29.211795806884766,234.01611328125
steam:11000013570d3b7,UBER 100,-1485523546,38914,251.7700958251953,-775.1622314453125,30.231956481933594,247.35513305664062
steam:11000010d6f2b11,81OGC440,-431692672,121858,-686.6885375976562,-72.6136245727539,36.9611930847168,297.9709777832031
steam:1100001363525ab,04ULJ499,-344943009,1398786,-54.5655403137207,-1678.9251708984375,29.252336502075195,45.16841125488281
steam:11000010ec943a8,01LNR188,970598228,192514,254.8018798828125,-777.4767456054688,30.01349639892578,292.68743896484375
steam:11000013396be25,PERMIS56,-344943009,251650,-812.1807861328125,-748.7756958007812,22.963680267333984,85.05921173095703
steam:11000010422dccf,49QBP992,-431692672,690946,230.14500427246094,-781.086669921875,30.029775619506836,250.51864624023438
steam:1100001040759e7,AMB1412 ,2145386152,17666,238.28518676757812,-770.8309936523438,30.39774513244629,181.15480041503906
steam:11000011333b73e,ASTMVANT,-1067176722,5189122,-38.314125061035156,-108.59336853027344,56.75007629394531,64.31863403320312
steam:1100001087770e1,BRA 3953,2112052861,54274,104.9449462890625,-1401.575927734375,29.332597732543945,327.84454345703125
steam:1100001004f9efd,PI 6525 ,1951180813,130050,2146.3828125,5113.69384765625,46.29521179199219,165.62142944335938
steam:11000010af70d2f,22HIM183,970598228,53250,102.54341888427734,-1397.2171630859375,28.668882369995117,317.76123046875
steam:110000109ae5861,27BXQ655,55628203,135682,-1051.0367431640625,-220.91343688964844,37.48177719116211,250.5599822998047
steam:11000013a0daf00,06XYK540,1672195559,7938,334.8441467285156,-2084.718017578125,18.222564697265625,118.07392120361328
steam:11000010b76cde0,98FSA320,1184128249,561154,17.809534072875977,-767.5652465820312,31.261133193969727,249.8269500732422
steam:11000010a44ea74,20DDR709,-1453280962,31234,246.14088439941406,-779.712646484375,30.0880126953125,129.7611846923828
steam:11000010a4f9838,54HGT100,1513245066,7426,403.6940612792969,-978.5033569335938,28.855581283569336,348.45965576171875
steam:11000013ae420fb,59TDS651,382057582,1278978,407.9073791503906,-988.5224609375,28.95906639099121,226.01942443847656
steam:1100001136b77e4,81RWS449,-2096690334,57090,1349.48681640625,-1539.5679931640625,53.21231460571289,97.08331298828125
steam:11000010662944c,12HGM258,-518812824,635906,-892.4804077148438,-2617.76611328125,16.077173233032227,220.48391723632812
steam:110000100240847,40GIR897,408192225,98050,-142.91102600097656,-1634.3985595703125,32.00505447387695,330.6383972167969
steam:11000010e13e19f,65OWI548,2016857647,22018,152.06040954589844,-337.23968505859375,43.74369812011719,245.19528198242188
steam:11000010bf2c875,BRA 5188,2112052861,570882,318.3448791503906,-544.0924682617188,28.814746856689453,100.76741790771484
steam:11000011a6ddd7d,27DUA748,-431692672,354818,2423.07080078125,4966.95751953125,45.45976257324219,26.812808990478516
steam:110000139cea013,PI 9166 ,1951180813,9986,367.5958557128906,318.1143493652344,103.360107421875,255.6448974609375
steam:11000010d4829db,28IWD003,-2140431165,510210,-270.54962158203125,-664.5903930664062,32.46180725097656,47.14169692993164
steam:11000010ebfb5df,87VIV856,-431692672,913410,-762.3767700195312,-662.6171875,29.57419776916504,269.4685363769531
steam:11000010e1fa482,64HOE270,640818791,25858,408.27398681640625,-979.572265625,28.802825927734375,55.652931213378906
steam:110000101a79580,68RKN208,-239841468,101378,265.459228515625,-334.86773681640625,44.255882263183594,62.9450798034668
steam:110000105896cca,46FEF571,1672195559,23298,300.4569091796875,-330.93994140625,44.439483642578125,74.70341491699219
steam:11000010ad36f91,UBER 748,-1485523546,574466,-304.35711669921875,-1232.9715576171875,27.002092361450195,224.40953063964844
steam:110000133bb1af9,LSPD 686,-1890770671,555010,475.9973449707031,-1019.9708862304688,27.695148468017578,94.3343734741211
steam:11000013505c3b8,LSPD 686,-1890770671,869634,476.001220703125,-1019.9691162109375,27.694984436035156,94.30126953125
steam:110000113baa5ff,06KFQ682,1762279763,417026,377.7958068847656,-1069.12158203125,29.16264533996582,169.16461181640625
steam:1100001184119a9,87MWB447,-1453280962,32258,212.65065002441406,-956.8536376953125,23.603525161743164,182.0648193359375
steam:110000133315eb4,64MBQ783,1672195559,20738,-135.95680236816406,972.666748046875,235.3743133544922,166.68942260742188
steam:11000010a332098,01CYW082,55628203,31746,-818.6627807617188,-1095.103759765625,10.433534622192383,124.05522918701172
steam:1100001112de70a,27UXW176,-431692672,16898,248.58326721191406,-778.5282592773438,29.950448989868164,247.64256286621094
steam:110000112310f8d,83PQF678,-2128233223,14338,82.32559967041016,-212.215576171875,53.99192810058594,164.39236450195312
steam:110000118a1b0cb,03ZAX714,970598228,1921282,-128.55154418945312,996.321533203125,235.1372833251953,352.32379150390625
steam:1100001360da5c1,BRA 5949,2112052861,267266,2408.8310546875,4977.36962890625,46.057762145996094,155.32626342773438
steam:11000010b73f2d7,29DMY429,1909141499,640002,384.0733642578125,315.5768737792969,102.91474914550781,252.90155029296875
steam:11000011abfecec,44GSP233,-431692672,40706,408.0985107421875,-979.7341918945312,28.595170974731445,57.0899658203125
steam:110000138d363e0,BRA 5096,2112052861,10059272,840.3541259765625,-1938.981689453125,29.079788208007812,180.00967407226562
steam:11000010e39a605,83BPK512,-1479664699,279810,1947.4390869140625,389.8106689453125,157.81858825683594,246.12811279296875
steam:110000105caea04,83XLR033,-431692672,88066,-1930.216552734375,174.38258361816406,83.98355102539062,38.72402572631836
steam:110000103f67873,LSPD 158,-1257247594,2777346,408.3309631347656,-979.9592895507812,28.979394912719727,228.9150390625
steam:110000112926e39,20DDU663,-431692672,101122,1181.0201416015625,-334.09075927734375,68.50431060791016,278.70599365234375
steam:110000136c3d900,25YIC418,-1453280962,14594,-53.38723373413086,-1075.00244140625,26.549800872802734,226.69830322265625
steam:110000108b33869,PERMIS46,-344943009,210946,-812.1807861328125,-748.7757568359375,22.96366310119629,85.05828094482422
steam:1100001090d2b28,BRA 2216,2112052861,32514,144.4464569091797,-1270.6334228515625,29.23651695251465,36.0308723449707
steam:110000115224b27,83SHD588,-431692672,251138,-1063.5235595703125,-228.84954833984375,37.52643966674805,60.17158508300781
steam:110000131d34f17,88TQI366,55628203,107010,130.9703826904297,-199.58045959472656,53.83654022216797,243.8723907470703
steam:11000010b22ed2e,VI 1707 ,-599568815,24578,-1525.2943115234375,92.21316528320312,56.3000602722168,14.503357887268066
steam:11000013ada1382,VI 7438 ,-599568815,294402,492.223388671875,-1969.2294921875,24.639047622680664,303.5166015625
steam:11000010add0bd8,98AAZ100,1085789913,17922,235.50131225585938,-788.3115234375,29.92894172668457,139.11549377441406
steam:11000010f4094a9,83HQW793,80636076,710402,-1803.8226318359375,800.285888671875,137.80288696289062,41.37937545776367
steam:1100001045e4112,AMB6545 ,1264164828,18178,-453.4443054199219,-349.3418273925781,34.780845642089844,170.21156311035156
steam:110000104ced672,28FKK499,-344943009,95234,-905.9599609375,-2333.14990234375,6.529350280761719,62.15592575073242
steam:110000102682208,LSPD 873,-1291872016,2440194,423.9692687988281,-1020.61572265625,28.51884651184082,96.05845642089844
steam:1100001181aa2e3,PERMIS48,-344943009,180226,-843.910400390625,-750.5638427734375,22.780799865722656,93.468017578125
steam:11000010202214b,44GSP233,-431692672,42498,408.1341247558594,-979.724853515625,28.59741973876953,57.277870178222656
steam:110000108daaf64,LSPD 465,1912215274,555010,400.2270202636719,-1062.9171142578125,29.166255950927734,179.70013427734375
steam:11000010e5bb4e3,BRA 4876,2112052861,20738,2406.484130859375,4990.36865234375,46.37742614746094,163.81231689453125
steam:11000010975162b,BRA 6968,2112052861,1621762,837.9486694335938,-1940.4259033203125,29.056974411010742,330.4745178222656
steam:11000010cf21bae,LSPD 330,-1627000575,376578,46.857120513916016,-1221.8919677734375,28.81463623046875,58.97288131713867
steam:11000010b7871c2,66NAZ568,-1453280962,16386,231.2679443359375,-774.9632568359375,30.215133666992188,244.94696044921875
steam:110000113b593af,BRA 6998,2112052861,251650,154.29383850097656,-1029.5751953125,29.318798065185547,250.1171417236328
steam:110000115b6acd4,VI 4752 ,-599568815,85506,495.3208312988281,-1973.0384521484375,24.6378173828125,305.724365234375
steam:11000010af960df,87TTI288,448402357,151810,252.1422119140625,-1070.1279296875,28.87674903869629,195.755615234375
steam:110000108269103,AERIEN58,744705981,12290,1723.7357177734375,3260.833740234375,40.87038803100586,148.12335205078125
steam:110000101fd385f,BRA 7242,2112052861,529922,2411.45458984375,4983.716796875,46.17230224609375,136.9324493408203
steam:11000010741e499,UBER 566,-1485523546,241154,254.12149047851562,-375.8551025390625,44.05928421020508,249.39898681640625
steam:110000115eb7d24,07HIE602,-344943009,319746,407.2707214355469,-993.4411010742188,29.091087341308594,232.40792846679688
steam:110000114193d6a,28PNV978,55628203,49410,-908.1822509765625,-2315.564453125,6.191671848297119,349.95068359375
steam:11000011cb487ba,BRA 1180,2112052861,566018,-1095.3717041015625,-272.04022216796875,37.70035934448242,91.4918441772461
steam:110000103eca26e,83ETB230,-1453280962,33794,-48.52766418457031,-1115.468505859375,25.91285514831543,167.9199676513672
steam:11000011d099726,00LPC753,-431692672,119810,407.4461669921875,-983.8406982421875,28.593948364257812,53.65717697143555
steam:11000010fec1998,12HGM258,-518812824,650242,-892.4510498046875,-2617.7919921875,16.075439453125,221.02609252929688
steam:1100001141fa57a,67EHJ909,-431692672,89346,240.67442321777344,-782.3577880859375,29.93316650390625,187.6143341064453
steam:11000010b7a113a,BRA 8436,2112052861,273666,408.47216796875,-1004.7364501953125,29.33940887451172,186.93348693847656
steam:11000011813a65a,LSPD 330,-1627000575,24066,46.89875030517578,-1221.740234375,28.818777084350586,58.4256477355957
steam:11000013304518c,49TOK534,-2128233223,129538,255.9407501220703,-781.0481567382812,30.06500244140625,208.52590942382812
steam:11000010aae0221,22TXZ510,-344943009,834050,228.08229064941406,199.8596649169922,105.13202667236328,249.6080322265625
steam:110000107d06ccb,01IEV874,1672195559,217858,265.3958435058594,-760.2401123046875,34.156700134277344,67.8993911743164
steam:11000010e6443f9,81LKE382,86520421,28418,413.2167663574219,-809.2515258789062,28.778736114501953,0.37301573157310486
steam:110000102ac044a,77HHG022,2005386580,457218,158.8352813720703,-1037.223388671875,28.79128646850586,154.12942504882812
steam:1100001137aa6a4,41RVR473,2035069708,245762,167.64430236816406,-1010.591064453125,28.832765579223633,299.99346923828125
steam:110000119ab4b61,LAMA7097,-1215316954,22274,-31.692174911499023,-136.62037658691406,56.609031677246094,247.51649475097656
steam:1100001352c63bb,00RAT063,-1041692462,247042,-1166.4493408203125,-1585.9505615234375,3.9609122276306152,35.61933135986328
steam:11000011467950c,AMB2050 ,1171614426,2863874,211.83834838867188,-945.6175537109375,23.903478622436523,146.1936798095703
steam:11000010c903d1a,63WZB384,1672195559,13058,264.955810546875,-762.270751953125,34.16401672363281,65.25767517089844
steam:110000112136a70,80SES736,1672195559,12034,148.6489715576172,-1033.232421875,28.854093551635742,241.13804626464844
steam:110000134fc3989,48DBN886,-1523428744,112130,-46.56326675415039,-1097.3819580078125,25.899616241455078,121.05596923828125
steam:110000101d03729,48DFL981,-431692672,192002,-518.0045776367188,-297.388671875,34.60418701171875,156.43003845214844
steam:11000010426d2c2,AMB5040 ,1264164828,100866,-458.4209899902344,-348.96630859375,34.72616195678711,82.55852508544922
steam:11000010cba93cb,DEPA 400,1177543287,114434,240.060791015625,302.0476989746094,105.11907958984375,156.802734375
steam:11000011515a904,42ABX712,1672195559,414978,2426.684814453125,4980.560546875,45.44504165649414,142.10595703125
steam:110000111e5ab30,LAMUR650,-1302397267,310786,329.45660400390625,-2088.4658203125,17.452451705932617,238.2870330810547
steam:110000102e1bfb8,PERMIS20,-344943009,95234,-829.840576171875,-749.9078979492188,22.850826263427734,88.06259155273438
steam:110000112865eaa,66LNR569,-431692672,18690,332.3320007324219,-1008.1143188476562,28.619564056396484,2.296210289001465
steam:11000010fb18274,29QXR932,1349725314,59394,294.5339660644531,-582.5804443359375,42.556373596191406,161.4215545654297
steam:110000117c831ad,47OEQ525,1672195559,303362,216.0402374267578,-804.7453002929688,30.30929946899414,247.53726196289062
steam:11000010ce7ceae,20DDU663,-431692672,94466,1181.048583984375,-334.0745849609375,68.5018310546875,278.1913757324219
steam:110000119e67904,07JSI820,-1453280962,39426,-1170.2188720703125,-1145.1353759765625,5.141012668609619,174.18441772460938
steam:11000010be170fb,BRA 1831,2112052861,292866,838.1798706054688,-1941.6021728515625,29.05841827392578,331.67864990234375
steam:11000010f48b2dd,AMB1310 ,1264164828,48386,-455.50128173828125,-330.51971435546875,34.720951080322266,83.45091247558594
steam:1100001122370ed,62LSR822,-431692672,61954,-1061.169189453125,-226.8131866455078,37.4857177734375,233.8236083984375
steam:1100001095016e3,26NMW642,-431692672,204546,-703.006103515625,-191.84060668945312,36.1181526184082,30.369775772094727
steam:11000013ba2e71f,87MLM221,2113441065,18690,613.0797729492188,-949.0760498046875,10.32443618774414,358.16912841796875
steam:11000010abb0ab4,AMB2984 ,1264164828,81410,-778.8064575195312,-1788.2301025390625,30.481203079223633,297.2478942871094
steam:110000109ab1631,BMW760XX,-532475078,1116930,99.95331573486328,-1396.4085693359375,28.565542221069336,327.43603515625
steam:110000118932b0c,47LUI543,1672195559,725250,241.9931640625,-783.244384765625,30.099149703979492,263.3217468261719
steam:11000011412a10f,82KTI507,-186537451,50434,257.1649169921875,-776.3781127929688,30.296459197998047,240.79254150390625
steam:11000010db6532f,AMB7363 ,1264164828,15106,233.7996368408203,-774.0316772460938,31.08949851989746,248.90740966796875
steam:110000135ac5eac,LAMA6603,788045382,459778,3261.89306640625,5183.09375,19.1850643157959,1.7396515607833862
steam:11000013661b881,AERIEN61,1077420264,360450,1758.099365234375,3288.02783203125,42.069488525390625,99.25872802734375
steam:11000010ade03ac,PI 7082 ,1951180813,1006082,2165.41455078125,5184.44482421875,57.54214096069336,218.35069274902344
steam:1100001178fb6e9,62LSR822,-431692672,94978,-1061.16064453125,-226.80332946777344,37.492794036865234,233.7889404296875
steam:11000011bd8ef7c,06QEB397,55628203,21250,-53.261199951171875,-1760.7095947265625,28.552738189697266,230.9956512451172
steam:11000011778cfb5,85ASY430,1269098716,104706,155.11062622070312,-804.7479248046875,30.63010025024414,69.92550659179688
steam:11000011865aad8,PI 4584 ,1951180813,178434,-1278.959228515625,-1391.08740234375,4.28036642074585,104.78952026367188
steam:11000010f75f850,BRA 6366,2112052861,46850,2412.27783203125,4976.76171875,46.222293853759766,165.8289337158203
steam:11000013b981d5f,BRA 8492,2112052861,626434,143.14404296875,-1274.8096923828125,29.202571868896484,42.88951873779297
steam:1100001089f4e5d,86OZZ950,-431692672,815618,2536.357177734375,4961.8193359375,43.45411682128906,270.2228088378906
steam:110000107cf0e12,82UOM114,-431692672,52226,-1053.38818359375,-223.67161560058594,37.42208480834961,257.06048583984375
steam:110000102c7cea2,88MBN462,-431692672,333826,-1065.912109375,-229.37669372558594,37.48257064819336,241.87417602539062
steam:11000010354d342,48VWZ131,1672195559,317954,1389.9652099609375,-1525.335693359375,56.785888671875,110.18536376953125
steam:11000010dcba879,87PRN066,-431692672,200450,2206.662841796875,5581.64453125,53.197086334228516,179.0970916748047
steam:110000112660201,69DIN625,-431692672,80642,-853.3253173828125,-692.7994995117188,26.914941787719727,0.6991011500358582
steam:11000011d1a9c32,BRA 6886,2112052861,156418,838.7089233398438,-1934.554931640625,29.048145294189453,350.45904541015625
steam:110000136d587ed,VI 8416 ,-599568815,52994,333.5032653808594,-1021.2816772460938,29.0427303314209,358.27105712890625
steam:110000108da03af,27PGG032,-956048545,235522,-557.4813232421875,243.47909545898438,82.50239562988281,229.8753204345703
steam:110000114c9c3b1,83ERZ131,-431692672,1578242,-46.56327438354492,-1097.3819580078125,25.74932861328125,120.19534301757812
steam:11000010b2f6791,HUNT 196,-1435919434,21762,232.12281799316406,-776.2913208007812,30.677053451538086,248.2344970703125
steam:11000010b21f7f1,44NNY641,-431692672,57858,-1041.0418701171875,-217.89414978027344,37.21092224121094,113.2696762084961
steam:110000104c8409a,26NMW642,-431692672,76034,2883.844970703125,4471,47.3915901184082,67.62582397460938
steam:1100001335dcdca,PI 3477 ,1951180813,288002,2150.671142578125,5166.18115234375,54.28013610839844,181.72740173339844
steam:1100001177da54e,03GWH706,-431692672,178946,211.07330322265625,-946.1058959960938,23.46854591369629,147.0161895751953
steam:110000136e17d85,66PCX364,55628203,137730,-841.6928100585938,-760.1188354492188,21.59473419189453,88.10002899169922
steam:11000010990b883,88IDN320,1672195559,1154050,406.07025146484375,-978.0635375976562,28.78374671936035,185.3612060546875
steam:11000010dd2bd82,LSPD 819,1912215274,495362,427.7735290527344,-1020.465087890625,28.687719345092773,89.11383819580078
steam:11000010b5596bf,BRA 1331,2112052861,507650,273.2266845703125,-1039.0855712890625,29.24602699279785,95.1690902709961
steam:110000103f7c61d,HUNT 473,-1435919434,22018,309.0118408203125,-1352.1771240234375,31.7893009185791,138.7447052001953
steam:1100001177ef1f7,81AQY022,-405626514,715778,-46.563270568847656,-1097.3819580078125,25.706693649291992,120.64715576171875
steam:11000010949a37b,HUNT 563,-1435919434,77058,952.5670776367188,-2111.3388671875,30.457014083862305,249.69638061523438
steam:110000110585d5c,28NCZ497,1672195559,10242,-1914.4119873046875,2049.48974609375,140.24395751953125,261.4046630859375
steam:110000107fa48a4,06VJY384,1672195559,90370,270.81915283203125,-746.3003540039062,33.80992889404297,178.5011444091797
steam:1100001075d9ca0,VI 2767 ,-599568815,326402,495.04229736328125,-1967.87646484375,24.648895263671875,297.7143249511719
steam:110000109e439d6,UBER 405,-1485523546,83458,258.33428955078125,-1431.174072265625,28.75762367248535,317.3480224609375
steam:11000011c103d3d,PI 5796 ,1951180813,14082,-2755.120849609375,37.08467102050781,17.963397979736328,44.564517974853516
steam:1100001057e63c7,VI 3758 ,-599568815,10242,-1891.8681640625,2032.3092041015625,140.48800659179688,342.60400390625
steam:11000011d0d4295,AMB3033 ,2145386152,423170,235.6746063232422,-752.4434814453125,30.4725399017334,245.5169677734375
steam:110000109c549de,54HGT100,1513245066,138498,-515.5648193359375,-295.3714599609375,34.74340057373047,25.051311492919922
steam:1100001051b8bc6,88FZA011,-676122342,9218,1745.4501953125,3250.60986328125,40.92629623413086,126.4452896118164
steam:110000105e30ee2,44MIN795,-1269889662,69890,130.13650512695312,-1310.7816162109375,28.471607208251953,68.3425521850586
steam:11000010d63c71a,80MTR274,-1269889662,31490,262.6533508300781,-831.3408203125,28.987762451171875,294.74371337890625
steam:11000010bf37066,BRA 3731,2112052861,444674,2469.568115234375,5014.796875,45.64285659790039,278.92535400390625
steam:110000102af4fe1,98HHJ001,-733499172,65794,257.67816162109375,-751.5889282226562,34.082550048828125,77.0331039428711
steam:11000011c206af0,21WUL698,301427732,12546,-253.5587158203125,6142.84375,30.734390258789062,320.358642578125
steam:110000109c5e230,BRA 8147,2112052861,81154,2404.5576171875,4978.53857421875,45.74981689453125,135.42591857910156
steam:11000010b27405f,BRA 6877,2112052861,849410,2411.37890625,4984.888671875,46.23151779174805,133.41319274902344
steam:110000111a67294,82ZRL183,-431692672,31234,413.38134765625,-811.1407470703125,28.633440017700195,357.0648193359375
steam:11000010df612d3,21POI968,55628203,132354,-1046.068115234375,-218.09251403808594,37.2370719909668,203.77191162109375
steam:110000106129a5d,BRA 8147,2112052861,40194,2395.361328125,4968.53515625,44.07990646362305,140.3937530517578
steam:110000114b13e9c,BRA 2167,2112052861,2242818,254.65423583984375,-988.1243896484375,29.31357192993164,159.88304138183594
steam:110000114bc5df1,26GHM709,-431692672,63234,263.2335510253906,-762.6534423828125,33.970436096191406,68.50729370117188
steam:1100001340f7ac8,46IVI947,-1842748181,128258,-29.67644500732422,-1140.126708984375,26.233522415161133,266.23980712890625
steam:1100001177d0ca0,23LJZ735,-956048545,824066,916.0335083007812,-137.71035766601562,75.8579330444336,251.4464111328125
steam:110000107a9bb0f,86XFB682,-1453280962,22018,-335.2203674316406,-1131.85791015625,26.113161087036133,83.0500259399414
steam:11000010a5cd65e,25UKU563,-431692672,11266,-50.868675231933594,1902.6947021484375,194.68927001953125,7.7062835693359375
steam:110000132f8470c,PI 6824 ,1951180813,323330,-1287.88525390625,-1392.994873046875,4.3024516105651855,108.42232513427734
steam:11000010cdba662,44AYS715,1672195559,11266,255.96755981445312,-780.6622314453125,30.087383270263672,254.8516845703125
steam:11000010ba04767,03CIK055,-344943009,106754,1520.8284912109375,1703.185302734375,109.8408203125,255.460205078125
steam:1100001099e040c,BRA 7254,2112052861,199682,2409.641845703125,4984.9521484375,46.21704864501953,21.328231811523438
steam:11000011bea7425,27MHD795,1933662059,175106,-46.564151763916016,-1097.3804931640625,26.261037826538086,120.19534301757812
steam:11000013bbd01a0,VI 2811 ,-599568815,27394,2002.7269287109375,4783.42919921875,41.38911437988281,212.9165496826172
steam:1100001057bc556,48FIY857,-789894171,82946,371.1063232421875,-1064.709716796875,29.115318298339844,268.5294189453125
steam:11000011208d46a,VI 4383 ,-599568815,16898,-1829.6409912109375,2214.380859375,86.79143524169922,259.0223083496094
steam:110000117148501,LSPD 308,-1973172295,324866,408.23590087890625,-980.3397216796875,28.78537940979004,241.86309814453125
steam:110000106738a70,49KMP357,-431692672,30210,183.34527587890625,-885.1444702148438,30.44563102722168,197.34805297851562
steam:1100001061ce0d5,BRA 7689,2112052861,657666,2396.36865234375,4964.146484375,44.00320816040039,145.0111846923828
steam:110000112df467f,AERIEN83,-599568815,2050818,1980.1387939453125,3743.38818359375,32.06283950805664,105.17352294921875
steam:1100001073d2b1d,47YJV613,-431692672,150786,228.32342529296875,-768.9276123046875,30.113332748413086,69.13208770751953
steam:11000011a725a72,PERMIS76,-344943009,73730,-856.2941284179688,-706.1034545898438,26.753734588623047,0.1923769861459732
steam:1100001150b62aa,58YTT144,1993609528,3842,256.5339050292969,-780.8049926757812,30.464372634887695,197.0341339111328
steam:1100001092ade5e,24QPT231,-431692672,47362,418.10382080078125,-807.5323486328125,28.77043342590332,89.75074005126953
steam:11000013bc8877c,67BRW410,-431692672,132354,-849.483154296875,-688.4442138671875,27.114120483398438,349.22454833984375
steam:11000010d0f6fd3,61IFZ132,-16948145,154114,407.1410827636719,-982.8247680664062,28.804738998413086,230.48452758789062
steam:110000136707f5b,LSPD 897,-1890770671,767490,473.2765808105469,-1022.39990234375,27.78829574584961,90.00127410888672
steam:110000136cf4cbf,47TCE130,-431692672,483586,117.0481185913086,-1397.284912109375,28.61720848083496,323.41815185546875
steam:110000138c52a73,41SNG301,914654722,12546,407.3128356933594,-1001.9402465820312,28.76952362060547,39.4617919921875
steam:1100001366e0d99,64IGS107,-893578776,3330,-111.86357879638672,-1734.5162353515625,29.631797790527344,180.21092224121094
steam:11000011c2c7cea,45TEX116,-431692672,29698,415.6399841308594,-800.20068359375,28.689603805541992,2.500457525253296
steam:110000114b9921b,68ZKX822,788045382,28162,381.03240966796875,320.09619140625,102.81487274169922,32.47339630126953
steam:110000135b02f2a,WMOTORFE,-1792334644,16898,1308.8084716796875,-1661.123291015625,50.46739959716797,161.3624267578125
steam:1100001037d86de,02IWE929,-431692672,412674,975.8046875,-303.300048828125,66.13511657714844,309.10076904296875
steam:11000010a6a6973,84TNB041,-431692672,25090,-1084.9710693359375,-266.470947265625,37.01411819458008,70.4448013305664
steam:11000010700eaeb,02IWE929,-431692672,385026,1160.7159423828125,-331.4762878417969,68.19722747802734,285.5807800292969
steam:1100001073bd8ed,06MZT450,486987393,161026,2463.009765625,4956.62060546875,44.45065689086914,135.990234375
steam:11000010a2655bd,46KZQ799,55628203,111106,-1048.85400390625,-219.19760131835938,37.36378860473633,229.35552978515625
steam:1100001365274ce,89CNE929,-431692672,73730,1163.631103515625,-331.9594421386719,68.21488189697266,286.9319152832031
steam:11000013b08a14f,03ETJ449,-431692672,72706,-905.9600219726562,-2333.1484375,6.03534460067749,62.15936279296875
steam:110000134b19956,47DMO265,-431692672,1011714,130.49964904785156,-1717.3983154296875,28.3941707611084,49.900047302246094
steam:110000111aafa9f,84BZY685,-1098802077,79362,-981.9125366210938,-2606.945556640625,13.593683242797852,161.65582275390625
steam:1100001044fa11c,43ODL830,-431692672,152578,-521.6026000976562,-1213.145263671875,17.51308822631836,236.9752655029297
steam:1100001326fca35,23UAD990,-344943009,338434,-46.563270568847656,-1097.3819580078125,26.24266242980957,120.1949691772461
steam:110000111c4708d,68DWT702,-431692672,7782402,-243.95506286621094,-990.81787109375,28.664186477661133,42.0192756652832
steam:110000132e03968,81RAL590,-431692672,78850,-839.085693359375,-703.6110229492188,26.605934143066406,288.37078857421875
steam:110000111e36959,68IEZ001,719660200,6477570,-46.563262939453125,-1097.3819580078125,25.75648307800293,120.1926498413086
steam:11000011752f96c,86QDX065,-431692672,630274,-822.470458984375,-1088.89208984375,10.344132423400879,119.0341796875
steam:11000010b12e3fa,69REC248,-344943009,44034,1043.7498779296875,-782.81640625,57.82499694824219,266.7391052246094
steam:11000010576b2fa,87NAG582,-431692672,75778,-1054.4261474609375,-221.73553466796875,37.362213134765625,66.49506378173828
steam:11000011318c29d,87YZF883,-1193103848,209922,-1309.774658203125,-497.83465576171875,32.56388473510742,109.31124877929688
